Language,Cell,Position,Form,Meaning
Ainu,1s,-1,ku,SA[+1 +sg]
Ainu,1p,1,as,S[+1 +pl]
Ainu,2s,-1,e,SAP[-3 +sg]
Ainu,2p,-1,eci,SAP[+2]
Ainu,x,1,an,S[-1 -2 -3]
Ainu,1s->2s,-1,eci,SAP[+2]
Ainu,1s->2p,-1,eci,SAP[+2]
Ainu,1s->3s,-1,ku,SA[+1 +sg]
Ainu,1s->3p,-1,ku,SA[+1 +sg]
Ainu,1s->x,-2,ku,SA[+1 +sg]
Ainu,1s->x,-1,i,P[-1 -2 -3]
Ainu,1p->2s,-1,eci,SAP[+2]
Ainu,1p->2p,-1,eci,SAP[+2]
Ainu,1p->3s,-1,ci,[+1 +pl]A->P[+3]
Ainu,1p->3p,-1,ci,[+1 +pl]A->P[+3]
Ainu,1p->x,-2,a,AP[-1 -2 -3]
Ainu,1p->x,-1,i,P[-1 -2 -3]
Ainu,2s->1s,-2,e,SAP[-3 +sg]
Ainu,2s->1s,-1,n,P[+1 +sg]
Ainu,2s->1p,-1,un,P[+1 +pl]
Ainu,2s->3s,-1,e,SAP[-3 +sg]
Ainu,2s->3p,-1,e,SAP[-3 +sg]
Ainu,2s->x,-2,e,SAP[-3 +sg]
Ainu,2s->x,-1,i,P[-1 -2 -3]
Ainu,2p->1s,-3,eci,SAP[+2]
Ainu,2p->1s,-2,e,SAP[-3 +sg]
Ainu,2p->1s,-1,n,P[+1 +sg]
Ainu,2p->1p,-2,eci,SAP[+2]
Ainu,2p->1p,-1,un,P[+1 +pl]
Ainu,2p->3s,-1,eci,SAP[+2]
Ainu,2p->3p,-1,eci,SAP[+2]
Ainu,2p->x,-2,eci,SAP[+2]
Ainu,2p->x,-1,i,P[-1 -2 -3]
Ainu,3s->1s,-2,e,SAP[-3 +sg]
Ainu,3s->1s,-1,n,P[+1 +sg]
Ainu,3s->1p,-1,un,P[+1 +pl]
Ainu,3s->2s,-1,e,SAP[-3 +sg]
Ainu,3s->2p,-1,eci,SAP[+2]
Ainu,3s->x,-1,i,P[-1 -2 -3]
Ainu,3p->1s,-2,e,SAP[-3 +sg]
Ainu,3p->1s,-1,n,P[+1 +sg]
Ainu,3p->1p,-1,un,P[+1 +pl]
Ainu,3p->2s,-1,e,SAP[-3 +sg]
Ainu,3p->2p,-1,eci,SAP[+2]
Ainu,3p->x,-1,i,P[-1 -2 -3]
Ainu,x->1s,-3,a,AP[-1 -2 -3]
Ainu,x->1s,-2,e,SAP[-3 +sg]
Ainu,x->1s,-1,n,P[+1 +sg]
Ainu,x->1p,-2,a,AP[-1 -2 -3]
Ainu,x->1p,-1,un,P[+1 +pl]
Ainu,x->2s,-2,a,AP[-1 -2 -3]
Ainu,x->2s,-1,e,SAP[-3 +sg]
Ainu,x->2p,-2,a,AP[-1 -2 -3]
Ainu,x->2p,-1,eci,SAP[+2]
Ainu,x->3s,-1,a,AP[-1 -2 -3]
Ainu,x->3p,-1,a,AP[-1 -2 -3]
Ainu,x->x,-2,a,AP[-1 -2 -3]
Ainu,x->x,-1,i,P[-1 -2 -3]
Aleut,1s,1,q,SA[+1 +sg]
Aleut,1d,1,s,SA[-2 -sg]
Aleut,1p,1,s,SA[-2 -sg]
Aleut,2s,1,x,SA[-1]
Aleut,2s,2,t,SA[+2 +sg]
Aleut,2d,1,xtxi,SA[+2 -sg]
Aleut,2d,2,di,SA[+2 -sg -pl]
Aleut,2d,3,x,SA[-1]
Aleut,2p,1,xtxi,SA[+2 -sg]
Aleut,2p,2,chi,SA[+2 +pl]
Aleut,2p,3,x,SA[-1]
Aleut,3s,1,x,SA[-1]
Aleut,3d,1,x,SA[-1]
Aleut,3p,1,s,SA[-2 -sg]
Aleut,1s->2s,1,q,SA[+1 +sg]
Aleut,1s->2d,1,q,SA[+1 +sg]
Aleut,1s->2p,1,q,SA[+1 +sg]
Aleut,1s->3s,1,n,[-3 +sg]A->P[+3]
Aleut,1s->3s,2,g,[+1 +sg]A->P[+3]
Aleut,1s->3d,1,k,[+1 +sg]A->P[+3 -sg -pl]
Aleut,1s->3p,1,n,[-3 +sg]A->P[+3]
Aleut,1s->3p,2,in,[+1 +sg]A->P[+3 +pl]
Aleut,1s->3p,3,g,[+1 +sg]A->P[+3]
Aleut,1d->2s,1,s,SA[-2 -sg]
Aleut,1d->2d,1,s,SA[-2 -sg]
Aleut,1d->2p,1,s,SA[-2 -sg]
Aleut,1d->3s,1,ma,[+1 -sg]A->P[+3 +sg]
Aleut,1d->3s,2,s,SA[-2 -sg]
Aleut,1d->3d,1,nging,[+1 -sg]A->P[+3 -sg -pl]
Aleut,1d->3p,1,ngi,P[+3 +pl]
Aleut,1d->3p,2,s,SA[-2 -sg]
Aleut,1p->2s,1,s,SA[-2 -sg]
Aleut,1p->2d,1,s,SA[-2 -sg]
Aleut,1p->2p,1,s,SA[-2 -sg]
Aleut,1p->3s,1,ma,[+1 -sg]A->P[+3 +sg]
Aleut,1p->3s,2,s,SA[-2 -sg]
Aleut,1p->3d,1,nging,[+1 -sg]A->P[+3 -sg -pl]
Aleut,1p->3p,1,ngi,P[+3 +pl]
Aleut,1p->3p,2,s,SA[-2 -sg]
Aleut,2s->1s,1,x,SA[-1]
Aleut,2s->1s,2,t,SA[+2 +sg]
Aleut,2s->1d,1,x,SA[-1]
Aleut,2s->1d,2,t,SA[+2 +sg]
Aleut,2s->1p,1,x,SA[-1]
Aleut,2s->1p,2,t,SA[+2 +sg]
Aleut,2s->3s,1,u,[-1]A->P[+3 +sg]
Aleut,2s->3s,2,n,[-3 +sg]A->P[+3]
Aleut,2s->3d,1,ki,[-1]A->P[+3 -sg -pl]
Aleut,2s->3d,2,n,[-3 +sg]A->P[+3]
Aleut,2s->3p,1,t,SA[+2 +sg]
Aleut,2d->1s,1,xtxi,SA[+2 -sg]
Aleut,2d->1s,2,di,SA[+2 -sg -pl]
Aleut,2d->1s,3,x,SA[-1]
Aleut,2d->1d,1,xtxi,SA[+2 -sg]
Aleut,2d->1d,2,di,SA[+2 -sg -pl]
Aleut,2d->1d,3,x,SA[-1]
Aleut,2d->1p,1,xtxi,SA[+2 -sg]
Aleut,2d->1p,2,di,SA[+2 -sg -pl]
Aleut,2d->1p,3,x,SA[-1]
Aleut,2d->3s,1,di,SA[+2 -sg -pl]
Aleut,2d->3s,2,x,SA[-1]
Aleut,2d->3d,1,di,SA[+2 -sg -pl]
Aleut,2d->3d,2,x,SA[-1]
Aleut,2d->3p,1,di,SA[+2 -sg -pl]
Aleut,2d->3p,2,x,SA[-1]
Aleut,2p->1s,1,xtxi,SA[+2 -sg]
Aleut,2p->1s,2,chi,SA[+2 +pl]
Aleut,2p->1s,3,x,SA[-1]
Aleut,2p->1d,1,xtxi,SA[+2 -sg]
Aleut,2p->1d,2,chi,SA[+2 +pl]
Aleut,2p->1d,3,x,SA[-1]
Aleut,2p->1p,1,xtxi,SA[+2 -sg]
Aleut,2p->1p,2,chi,SA[+2 +pl]
Aleut,2p->1p,3,x,SA[-1]
Aleut,2p->3s,1,chi,SA[+2 +pl]
Aleut,2p->3s,2,x,SA[-1]
Aleut,2p->3d,1,chi,SA[+2 +pl]
Aleut,2p->3d,2,x,SA[-1]
Aleut,2p->3p,1,chi,SA[+2 +pl]
Aleut,2p->3p,2,x,SA[-1]
Aleut,3s->1s,1,x,SA[-1]
Aleut,3s->1d,1,x,SA[-1]
Aleut,3s->1p,1,x,SA[-1]
Aleut,3s->2s,1,x,SA[-1]
Aleut,3s->2d,1,x,SA[-1]
Aleut,3s->2p,1,x,SA[-1]
Aleut,3s->3s,1,u,[-1]A->P[+3 +sg]
Aleut,3s->3d,1,ki,[-1]A->P[+3 -sg -pl]
Aleut,3s->3d,2,x,SA[-1]
Aleut,3s->3p,1,ngi,P[+3 +pl]
Aleut,3s->3p,2,s,[+3 +sg]A->P[+3 +pl]
Aleut,3d->1s,1,x,SA[-1]
Aleut,3d->1d,1,x,SA[-1]
Aleut,3d->1p,1,x,SA[-1]
Aleut,3d->2s,1,x,SA[-1]
Aleut,3d->2d,1,x,SA[-1]
Aleut,3d->2p,1,x,SA[-1]
Aleut,3d->3s,1,u,[-1]A->P[+3 +sg]
Aleut,3d->3d,1,ki,[-1]A->P[+3 -sg -pl]
Aleut,3d->3d,2,x,SA[-1]
Aleut,3d->3p,1,ngi,P[+3 +pl]
Aleut,3d->3p,2,s,SA[-2 -sg]
Aleut,3p->1s,1,s,SA[-2 -sg]
Aleut,3p->1d,1,s,SA[-2 -sg]
Aleut,3p->1p,1,s,SA[-2 -sg]
Aleut,3p->2s,1,s,SA[-2 -sg]
Aleut,3p->2d,1,s,SA[-2 -sg]
Aleut,3p->2p,1,s,SA[-2 -sg]
Aleut,3p->3s,1,u,[-1]A->P[+3 +sg]
Aleut,3p->3d,1,ki,[-1]A->P[+3 -sg -pl]
Aleut,3p->3d,2,x,SA[-1]
Aleut,3p->3p,1,ngi,P[+3 +pl]
Aleut,3p->3p,2,s,SA[-2 -sg]
Bella Coola,1s,1,c,SAP[-3 +sg]
Bella Coola,1p,1,l,SA[+1 +pl]
Bella Coola,2s,1,nu,SP[+2 +sg]
Bella Coola,2p,1,ap,SAP[+2 +pl]
Bella Coola,3s,1,s,SA[+3 +sg]
Bella Coola,3p,1,naw,S[+3 +pl]
Bella Coola,1s->2s,1,c,SAP[-3 +sg]
Bella Coola,1s->2s,2,nu,SP[+2 +sg]
Bella Coola,1s->2p,1,t,AP[-1]
Bella Coola,1s->2p,2,ul,AP[-3 +pl]
Bella Coola,1s->2p,3,ap,SAP[+2 +pl]
Bella Coola,1s->3s,1,c,SAP[-3 +sg]
Bella Coola,1s->3p,1,t,AP[-1]
Bella Coola,1s->3p,2,c,SAP[-3 +sg]
Bella Coola,1p->2s,1,t,AP[-1]
Bella Coola,1p->2s,2,ul,AP[-3 +pl]
Bella Coola,1p->2s,3,nu,SP[+2 +sg]
Bella Coola,1p->2p,1,t,AP[-1]
Bella Coola,1p->2p,2,ul,AP[-3 +pl]
Bella Coola,1p->2p,3,ap,SAP[+2 +pl]
Bella Coola,1p->3s,1,l,SA[+1 +pl]
Bella Coola,1p->3p,1,t,AP[-1]
Bella Coola,1p->3p,2,l,SA[+1 +pl]
Bella Coola,2s->1s,1,c,SAP[-3 +sg]
Bella Coola,2s->1s,2,xw,A[+2 +sg]
Bella Coola,2s->1p,1,t,AP[-1]
Bella Coola,2s->1p,2,ul,AP[-3 +pl]
Bella Coola,2s->1p,3,xw,A[+2 +sg]
Bella Coola,2s->3s,1,xw,A[+2 +sg]
Bella Coola,2s->3p,1,t,AP[-1]
Bella Coola,2s->3p,2,xw,A[+2 +sg]
Bella Coola,2p->1s,1,c,SAP[-3 +sg]
Bella Coola,2p->1s,2,ap,SAP[+2 +pl]
Bella Coola,2p->1p,1,t,AP[-1]
Bella Coola,2p->1p,2,ul,AP[-3 +pl]
Bella Coola,2p->1p,3,ap,SAP[+2 +pl]
Bella Coola,2p->3s,1,ap,SAP[+2 +pl]
Bella Coola,2p->3p,1,t,AP[-1]
Bella Coola,2p->3p,2,ap,SAP[+2 +pl]
Bella Coola,3s->1s,1,c,SAP[-3 +sg]
Bella Coola,3s->1s,2,s,SA[+3 +sg]
Bella Coola,3s->1p,1,t,AP[-1]
Bella Coola,3s->1p,2,ul,AP[-3 +pl]
Bella Coola,3s->1p,3,s,SA[+3 +sg]
Bella Coola,3s->2s,1,c,SAP[-3 +sg]
Bella Coola,3s->2s,2,t,AP[-1]
Bella Coola,3s->2p,1,t,AP[-1]
Bella Coola,3s->2p,2,ap,SAP[+2 +pl]
Bella Coola,3s->3s,1,s,SA[+3 +sg]
Bella Coola,3s->3p,1,t,AP[-1]
Bella Coola,3s->3p,2,s,SA[+3 +sg]
Bella Coola,3p->1s,1,c,SAP[-3 +sg]
Bella Coola,3p->1s,2,an,[+3 +pl]A->P[+1 +sg]
Bella Coola,3p->1s,3,t,AP[-1]
Bella Coola,3p->1p,1,t,[+3 +pl]A->P[-2 +pl]
Bella Coola,3p->1p,2,ul,AP[-3 +pl]
Bella Coola,3p->1p,3,t,AP[-1]
Bella Coola,3p->2s,1,c,SAP[-3 +sg]
Bella Coola,3p->2s,2,t,AP[-1]
Bella Coola,3p->2p,1,t,AP[-1]
Bella Coola,3p->2p,2,ap,SAP[+2 +pl]
Bella Coola,3p->3s,1,t,AP[-1]
Bella Coola,3p->3p,1,t,[+3 +pl]A->P[-2 +pl]
Bella Coola,3p->3p,2,t,AP[-1]
Chuckchi,1s,1,gaek,S[+1 +sg]
Chuckchi,1p,1,mek,SP[+1 +pl]
Chuckchi,2s,1,gi,SA[+2 +sg]
Chuckchi,2p,1,tek,SAP[+2 +pl]
Chuckchi,3s,1,gi,S[+3 +sg]
Chuckchi,3p,1,gaet,S[+3 +pl]
Chuckchi,1s->2s,-1,le,[+1 +sg]A->P[+2]
Chuckchi,1s->2s,1,get,P[+2 +sg]
Chuckchi,1s->2p,-1,le,[+1 +sg]A->P[+2]
Chuckchi,1s->2p,1,tek,SAP[+2 +pl]
Chuckchi,1s->3s,1,gaen,P[+3 +sg]
Chuckchi,1s->3p,1,net,P[+3 +pl]
Chuckchi,1p->2s,-1,met,[+1 +pl]A->P[+2]
Chuckchi,1p->2s,1,get,P[+2 +sg]
Chuckchi,1p->2p,-1,met,[+1 +pl]A->P[+2]
Chuckchi,1p->2p,1,tek,SAP[+2 +pl]
Chuckchi,1p->3s,1,gaen,P[+3 +sg]
Chuckchi,1p->3p,1,net,P[+3 +pl]
Chuckchi,2s->1s,1,gi,SA[+2 +sg]
Chuckchi,2s->1p,1,gi,SA[+2 +sg]
Chuckchi,2s->3s,1,gaen,P[+3 +sg]
Chuckchi,2s->3p,1,net,P[+3 +pl]
Chuckchi,2p->1s,1,tek,SAP[+2 +pl]
Chuckchi,2p->1p,1,tek,SAP[+2 +pl]
Chuckchi,2p->3s,1,tke,[+2 +pl]A->P[+3]
Chuckchi,2p->3p,1,tke,[+2 +pl]A->P[+3]
Chuckchi,3s->1p,-1,ne,A[+3]
Chuckchi,3s->1p,1,mek,SP[+1 +pl]
Chuckchi,3s->2s,-1,ne,A[+3]
Chuckchi,3s->2s,1,get,P[+2 +sg]
Chuckchi,3s->2p,-1,ne,A[+3]
Chuckchi,3s->2p,1,tek,SAP[+2 +pl]
Chuckchi,3s->3s,1,nin,[+3 +sg]A->P[+3]
Chuckchi,3s->3p,1,nin,[+3 +sg]A->P[+3]
Chuckchi,3s->3p,2,net,P[+3 +pl]
Chuckchi,3p->1s,-1,ne,A[+3]
Chuckchi,3p->1s,1,um,[+3 +pl]A->P[+1 +sg]
Chuckchi,3p->1p,-1,ne,A[+3]
Chuckchi,3p->1p,1,mek,SP[+1 +pl]
Chuckchi,3p->2s,-1,ne,A[+3]
Chuckchi,3p->2s,1,get,P[+2 +sg]
Chuckchi,3p->2p,-1,ne,A[+3]
Chuckchi,3p->2p,1,tek,SAP[+2 +pl]
Chuckchi,3p->3s,-1,ne,A[+3]
Chuckchi,3p->3s,1,gaen,P[+3 +sg]
Chuckchi,3p->3p,-1,ne,A[+3]
Chuckchi,3p->3p,1,net,P[+3 +pl]
Darai,1s,1,tʌ,[]E
Darai,1s,2,m,SA[+1 +sg]
Darai,1p,1,tʌ,[]E
Darai,1p,2,ir,SA[+1 +pl]
Darai,2s,1,tʌ,[]E
Darai,2s,2,s,SAP[+2 +sg]
Darai,2p,1,tʌ,[]E
Darai,2p,2,u,SAP[+2 +pl]
Darai,3s,1,tʌ,[]E
Darai,3p,1,tʌ,[]E
Darai,3p,2,t,S[+3 +pl]
Darai,1s->2s,1,tʌ,[]E
Darai,1s->2s,2,m,SA[+1 +sg]
Darai,1s->2s,3,i,P[+2]
Darai,1s->2s,4,s,SAP[+2 +sg]
Darai,1s->2p,1,tʌ,[]E
Darai,1s->2p,2,m,SA[+1 +sg]
Darai,1s->2p,3,i,P[+2]
Darai,1s->2p,4,u,SAP[+2 +pl]
Darai,1s->3s,1,tʌ,[]E
Darai,1s->3s,2,m,SA[+1 +sg]
Darai,1s->3s,3,ik,P[+3]
Darai,1s->3p,1,tʌ,[]E
Darai,1s->3p,2,m,SA[+1 +sg]
Darai,1s->3p,3,ik,P[+3]
Darai,1s->3p,4,an,P[+3 +pl]
Darai,1p->2s,1,tʌ,[]E
Darai,1p->2s,2,ir,SA[+1 +pl]
Darai,1p->2p,1,tʌ,[]E
Darai,1p->2p,2,ir,SA[+1 +pl]
Darai,1p->3s,1,tʌ,[]E
Darai,1p->3s,2,ir,SA[+1 +pl]
Darai,1p->3p,1,tʌ,[]E
Darai,1p->3p,2,ir,SA[+1 +pl]
Darai,2s->1s,1,tʌ,[]E
Darai,2s->1s,2,s,SAP[+2 +sg]
Darai,2s->1p,1,tʌ,[]E
Darai,2s->1p,2,s,SAP[+2 +sg]
Darai,2s->3s,1,tʌ,[]E
Darai,2s->3s,2,s,SAP[+2 +sg]
Darai,2s->3s,3,ik,P[+3]
Darai,2s->3p,1,tʌ,[]E
Darai,2s->3p,2,s,SAP[+2 +sg]
Darai,2s->3p,3,ik,P[+3]
Darai,2s->3p,4,an,P[+3 +pl]
Darai,2p->1s,1,tʌ,[]E
Darai,2p->1s,2,u,SAP[+2 +pl]
Darai,2p->1p,1,tʌ,[]E
Darai,2p->1p,2,u,SAP[+2 +pl]
Darai,2p->3s,1,tʌ,[]E
Darai,2p->3s,2,u,SAP[+2 +pl]
Darai,2p->3s,3,k,[+2 +pl]A->P[+3]
Darai,2p->3p,1,tʌ,[]E
Darai,2p->3p,2,u,SAP[+2 +pl]
Darai,2p->3p,3,k,[+2 +pl]A->P[+3]
Darai,2p->3p,4,an,P[+3 +pl]
Darai,3s->1s,1,tʌ,[]E
Darai,3s->1p,1,tʌ,[]E
Darai,3s->2s,1,tʌ,[]E
Darai,3s->2s,2,i,P[+2]
Darai,3s->2s,3,s,SAP[+2 +sg]
Darai,3s->2p,1,tʌ,[]E
Darai,3s->2p,2,i,P[+2]
Darai,3s->2p,3,u,SAP[+2 +pl]
Darai,3s->3s,1,tʌ,[]E
Darai,3s->3s,2,ik,P[+3]
Darai,3s->3p,1,tʌ,[]E
Darai,3s->3p,2,ik,P[+3]
Darai,3s->3p,3,an,P[+3 +pl]
Darai,3p->1s,1,tʌ,[]E
Darai,3p->1s,2,t,[+3 +pl]A->P[+1]
Darai,3p->1p,1,tʌ,[]E
Darai,3p->1p,2,t,[+3 +pl]A->P[+1]
Darai,3p->2s,1,tʌ,[]E
Darai,3p->2s,2,i,P[+2]
Darai,3p->2s,3,s,SAP[+2 +sg]
Darai,3p->2p,1,tʌ,[]E
Darai,3p->2p,2,i,P[+2]
Darai,3p->2p,3,u,SAP[+2 +pl]
Darai,3p->3s,1,tʌ,[]E
Darai,3p->3s,2,ik,P[+3]
Darai,3p->3p,1,tʌ,[]E
Darai,3p->3p,2,ik,P[+3]
Darai,3p->3p,3,an,P[+3 +pl]
Fox,1s,-1,ne,SAP[+1]
Fox,1pe,-1,ne,SAP[+1]
Fox,1pe,1,pena,SAP[+1 +pl]
Fox,1pi,-1,ke,SAP[+2]
Fox,1pi,1,pena,SAP[+1 +pl]
Fox,2s,-1,ke,SAP[+2]
Fox,2p,-1,ke,SAP[+2]
Fox,2p,1,p,SAP[-1 +2 +pl]
Fox,2p,2,wa,SAP[-1 +an]
Fox,3s,1,wa,SAP[-1 +an]
Fox,3p,1,wa,SAP[-1 +an]
Fox,3p,2,gi,SAP[+3 +an +pl -obv]
Fox,4s,1,ni,SA[+an +sg +obv]
Fox,4s,2,wa,SAP[-1 +an]
Fox,4s,3,ni,SA[+an +obv]
Fox,4p,1,ni,SA[+an +obv]
Fox,4p,2,wa,SAP[-1 +an]
Fox,4p,3,hi,SA[+an +pl +obv]
Fox,1s->2s,-1,ke,SAP[+2]
Fox,1s->2s,1,ene,[+1 -2]A->P[-1 +2]
Fox,1s->2p,-1,ke,SAP[+2]
Fox,1s->2p,1,ene,[+1 -2]A->P[-1 +2]
Fox,1s->2p,2,p,SAP[-1 +2 +pl]
Fox,1s->2p,3,wa,SAP[-1 +an]
Fox,1s->3s,-1,ne,SAP[+1]
Fox,1s->3s,1,ā,AP[+3 +an -obv]
Fox,1s->3s,2,wa,SAP[-1 +an]
Fox,1s->3p,-1,ne,SAP[+1]
Fox,1s->3p,1,ā,AP[+3 +an -obv]
Fox,1s->3p,2,wa,SAP[-1 +an]
Fox,1s->3p,3,gi,SAP[+3 +an +pl -obv]
Fox,1pe->2s,-1,ke,SAP[+2]
Fox,1pe->2s,1,ene,[+1 -2]A->P[-1 +2]
Fox,1pe->2s,2,pena,SAP[+1 +pl]
Fox,1pe->2p,-1,ke,SAP[+2]
Fox,1pe->2p,1,ene,[+1 -2]A->P[-1 +2]
Fox,1pe->2p,2,pena,SAP[+1 +pl]
Fox,1pe->3s,-1,ne,SAP[+1]
Fox,1pe->3s,1,ā,AP[+3 +an -obv]
Fox,1pe->3s,2,pena,SAP[+1 +pl]
Fox,1pe->3p,-1,ne,SAP[+1]
Fox,1pe->3p,1,ā,AP[+3 +an -obv]
Fox,1pe->3p,2,pena,SAP[+1 +pl]
Fox,1pi->3s,-1,ne,SAP[+1]
Fox,1pi->3s,1,ā,AP[+3 +an -obv]
Fox,1pi->3s,2,pena,SAP[+1 +pl]
Fox,1pi->3p,-1,ne,SAP[+1]
Fox,1pi->3p,1,ā,AP[+3 +an -obv]
Fox,1pi->3p,2,pena,SAP[+1 +pl]
Fox,2s->1s,-1,ke,SAP[+2]
Fox,2s->1s,1,i,P[+1 -2]
Fox,2s->1pe,-1,ke,SAP[+2]
Fox,2s->1pe,1,i,P[+1 -2]
Fox,2s->1pe,2,pena,SAP[+1 +pl]
Fox,2s->3s,-1,ke,SAP[+2]
Fox,2s->3s,1,ā,AP[+3 +an -obv]
Fox,2s->3s,2,wa,SAP[-1 +an]
Fox,2s->3p,-1,ke,SAP[+2]
Fox,2s->3p,1,ā,AP[+3 +an -obv]
Fox,2s->3p,2,wa,SAP[-1 +an]
Fox,2s->3p,3,gi,SAP[+3 +an +pl -obv]
Fox,2p->1s,-1,ke,SAP[+2]
Fox,2p->1s,1,i,P[+1 -2]
Fox,2p->1s,2,p,SAP[-1 +2 +pl]
Fox,2p->1s,3,wa,SAP[-1 +an]
Fox,2p->1pe,-1,ke,SAP[+2]
Fox,2p->1pe,1,i,P[+1 -2]
Fox,2p->1pe,2,pena,SAP[+1 +pl]
Fox,2p->3s,-1,ke,SAP[+2]
Fox,2p->3s,1,ā,AP[+3 +an -obv]
Fox,2p->3s,2,p,SAP[-1 +2 +pl]
Fox,2p->3s,3,wa,SAP[-1 +an]
Fox,2p->3p,-1,ke,SAP[+2]
Fox,2p->3p,1,ā,AP[+3 +an -obv]
Fox,2p->3p,2,p,SAP[-1 +2 +pl]
Fox,2p->3p,3,wa,SAP[-1 +an]
Fox,3s->1s,-1,ne,SAP[+1]
Fox,3s->1s,1,eg,[+3 +an]A->P[+an -obv]
Fox,3s->1s,2,wa,SAP[-1 +an]
Fox,3s->1pe,-1,ne,SAP[+1]
Fox,3s->1pe,1,egun,[+3 +an -obv]A->P[+1 +pl]
Fox,3s->1pe,2,ā,AP[+3 +an -obv]
Fox,3s->1pe,3,n,P[+1 +pl]
Fox,3s->1pe,4,wa,SAP[-1 +an]
Fox,3s->1pi,-1,ke,SAP[+2]
Fox,3s->1pi,1,egun,[+3 +an -obv]A->P[+1 +pl]
Fox,3s->1pi,2,ā,AP[+3 +an -obv]
Fox,3s->1pi,3,n,P[+1 +pl]
Fox,3s->1pi,4,wa,SAP[-1 +an]
Fox,3s->2s,-1,ke,SAP[+2]
Fox,3s->2s,1,eg,[+3 +an]A->P[+an -obv]
Fox,3s->2s,2,wa,SAP[-1 +an]
Fox,3s->2p,-1,ke,SAP[+2]
Fox,3s->2p,1,eguw,[+3 +an -obv]A->P[-1 +2 +pl]
Fox,3s->2p,2,ā,AP[+3 +an -obv]
Fox,3s->2p,3,wa,SAP[-1 +an]
Fox,3s->4s,1,e,P[+an +obv]
Fox,3s->4s,2,wa,SAP[-1 +an]
Fox,3s->4p,1,e,P[+an +obv]
Fox,3s->4p,2,wa,SAP[-1 +an]
Fox,3p->1s,-1,ne,SAP[+1]
Fox,3p->1s,1,eg,[+3 +an]A->P[+an -obv]
Fox,3p->1s,2,wa,SAP[-1 +an]
Fox,3p->1s,3,gi,SAP[+3 +an +pl -obv]
Fox,3p->1pe,-1,ne,SAP[+1]
Fox,3p->1pe,1,egun,[+3 +an -obv]A->P[+1 +pl]
Fox,3p->1pe,2,ā,AP[+3 +an -obv]
Fox,3p->1pe,3,n,P[+1 +pl]
Fox,3p->1pe,4,wa,SAP[-1 +an]
Fox,3p->1pe,5,gi,SAP[+3 +an +pl -obv]
Fox,3p->1pi,-1,ke,SAP[+2]
Fox,3p->1pi,1,egun,[+3 +an -obv]A->P[+1 +pl]
Fox,3p->1pi,2,ā,AP[+3 +an -obv]
Fox,3p->1pi,3,n,P[+1 +pl]
Fox,3p->1pi,4,wa,SAP[-1 +an]
Fox,3p->1pi,5,gi,SAP[+3 +an +pl -obv]
Fox,3p->2s,-1,ke,SAP[+2]
Fox,3p->2s,1,eg,[+3 +an]A->P[+an -obv]
Fox,3p->2s,2,wa,SAP[-1 +an]
Fox,3p->2s,3,gi,SAP[+3 +an +pl -obv]
Fox,3p->2p,-1,ke,SAP[+2]
Fox,3p->2p,1,eguw,[+3 +an -obv]A->P[-1 +2 +pl]
Fox,3p->2p,2,ā,AP[+3 +an -obv]
Fox,3p->2p,3,wa,SAP[-1 +an]
Fox,3p->2p,4,gi,SAP[+3 +an +pl -obv]
Fox,3p->4s,1,e,P[+an +obv]
Fox,3p->4s,2,wa,SAP[-1 +an]
Fox,3p->4s,3,gi,SAP[+3 +an +pl -obv]
Fox,3p->4p,1,e,P[+an +obv]
Fox,3p->4p,2,wa,SAP[-1 +an]
Fox,3p->4p,3,gi,SAP[+3 +an +pl -obv]
Fox,4s->3s,1,eg,[+3 +an]A->P[+an -obv]
Fox,4s->3s,2,wa,SAP[-1 +an]
Fox,4s->3p,1,eg,[+3 +an]A->P[+an -obv]
Fox,4s->3p,2,wa,SAP[-1 +an]
Fox,4s->3p,3,gi,SAP[+3 +an +pl -obv]
Fox,4s->4s,1,e,P[+an +obv]
Fox,4s->4s,2,ni,SA[+an +sg +obv]
Fox,4s->4s,3,wa,SAP[-1 +an]
Fox,4s->4s,4,ni,SA[+an +obv]
Fox,4s->4p,1,e,P[+an +obv]
Fox,4s->4p,2,ni,SA[+an +sg +obv]
Fox,4s->4p,3,wa,SAP[-1 +an]
Fox,4s->4p,4,ni,SA[+an +obv]
Fox,4p->3s,1,eg,[+3 +an]A->P[+an -obv]
Fox,4p->3s,2,wa,SAP[-1 +an]
Fox,4p->3p,1,eg,[+3 +an]A->P[+an -obv]
Fox,4p->3p,2,wa,SAP[-1 +an]
Fox,4p->3p,3,gi,SAP[+3 +an +pl -obv]
Fox,4p->4s,1,e,P[+an +obv]
Fox,4p->4s,2,ni,SA[+an +obv]
Fox,4p->4s,3,wa,SAP[-1 +an]
Fox,4p->4s,4,hi,SA[+an +pl +obv]
Fox,4p->4p,1,e,P[+an +obv]
Fox,4p->4p,2,ni,SA[+an +obv]
Fox,4p->4p,3,wa,SAP[-1 +an]
Fox,4p->4p,4,hi,SA[+an +pl +obv]
Hixkaryana,1s,-1,k,SA[+1 +sg]
Hixkaryana,1pe,-1,n,S[+1 -2 +pl]
Hixkaryana,1pi,-1,t,SA[+1 +2]
Hixkaryana,2s,-1,m,SA[-1 +2]
Hixkaryana,2p,-1,m,SA[-1 +2]
Hixkaryana,3s,-1,n,SP[+3]
Hixkaryana,3p,-1,n,SP[+3]
Hixkaryana,1s->2s,-1,k,SA[+1 +sg]
Hixkaryana,1s->2p,-1,k,SA[+1 +sg]
Hixkaryana,1s->3s,-1,ø,[+1 +sg]A->P[+3]
Hixkaryana,1s->3p,-1,ø,[+1 +sg]A->P[+3]
Hixkaryana,1pe->2s,-1,o,P[-1 +2]
Hixkaryana,1pe->2p,-1,o,P[-1 +2]
Hixkaryana,1pe->3s,-1,n,SP[+3]
Hixkaryana,1pe->3p,-1,n,SP[+3]
Hixkaryana,1pi->3s,-1,t,SA[+1 +2]
Hixkaryana,1pi->3p,-1,t,SA[+1 +2]
Hixkaryana,2s->1s,-1,m,SA[-1 +2]
Hixkaryana,2s->3s,-1,m,SA[-1 +2]
Hixkaryana,2s->3p,-1,m,SA[-1 +2]
Hixkaryana,2p->1s,-1,m,SA[-1 +2]
Hixkaryana,2p->3s,-1,m,SA[-1 +2]
Hixkaryana,2p->3p,-1,m,SA[-1 +2]
Hixkaryana,3s->1s,-1,ro,[+3]A->P[+1 +sg]
Hixkaryana,3s->1pi,-1,k,P[+1 +2]
Hixkaryana,3s->2s,-1,o,P[-1 +2]
Hixkaryana,3s->2p,-1,o,P[-1 +2]
Hixkaryana,3s->3s,-1,n,SP[+3]
Hixkaryana,3s->3p,-1,n,SP[+3]
Hixkaryana,3p->1s,-1,ro,[+3]A->P[+1 +sg]
Hixkaryana,3p->1pi,-1,k,P[+1 +2]
Hixkaryana,3p->2s,-1,o,P[-1 +2]
Hixkaryana,3p->2p,-1,o,P[-1 +2]
Hixkaryana,3p->3s,-1,n,SP[+3]
Hixkaryana,3p->3p,-1,n,SP[+3]
Jaqaru,1,1,ta,SAP[-3]
Jaqaru,12,1,ta,SAP[-3]
Jaqaru,12,2,na,SA[+1 +2]
Jaqaru,2,1,ta,SAP[-3]
Jaqaru,3,1,i,S[+3]
Jaqaru,1->2,1,i,[-2]A->P[-1]
Jaqaru,1->2,2,ma,P[-1 +2]
Jaqaru,1->3,1,ta,SAP[-3]
Jaqaru,12->3,1,ta,SAP[-3]
Jaqaru,12->3,2,na,SA[+1 +2]
Jaqaru,2->1,1,u,[-1 +2]A->P[+1]
Jaqaru,2->1,2,ta,SAP[-3]
Jaqaru,2->12,1,u,[-1 +2]A->P[+1]
Jaqaru,2->12,2,sh,[-1 +2]A->P[+1 +2]
Jaqaru,2->12,3,ta,SAP[-3]
Jaqaru,2->3,1,ta,SAP[-3]
Jaqaru,3->1,1,utu,[+3]A->P[+1 -2]
Jaqaru,3->12,1,ushtu,[+3]A->P[+1 +2]
Jaqaru,3->2,1,ta,SAP[-3]
Jaqaru,3->2,2,ma,P[-1 +2]
Jaqaru,3->3,1,i,[-2]A->P[-1]
Jumjum,1s,1,HʌL,SA[-3 +sg]
Jumjum,1pe,1,HɔnL,SA[+1 -2 +pl]
Jumjum,1di,1,HiL,SA[-sg -pl]
Jumjum,1pi,1,HinL,SA[+1 +2 +pl]
Jumjum,2s,1,HʌH,S[+2 +sg]
Jumjum,2p,1,H,SP[-3]
Jumjum,2p,2,ɛ,SP[-1 +2 +pl]
Jumjum,2p,3,L,SA[-1]
Jumjum,3s,1,L,SA[-1]
Jumjum,3p,1,Lɔk,S[+3 +pl]
Jumjum,3p,2,L,SA[-1]
Jumjum,1s->2s,1,HɛniH,[+1 +sg]A->P[+2 +sg]
Jumjum,1s->2p,1,H,[+1 +sg]A->P[-1 +2 +pl]
Jumjum,1s->2p,2,L,[-1 +2 +pl]AP1<->AP2[+1 -2]
Jumjum,1s->2p,3,ɛ,SP[-1 +2 +pl]
Jumjum,1s->2p,4,H,SP[-3]
Jumjum,1s->3s,1,HʌL,SA[-3 +sg]
Jumjum,1s->3p,1,HʌL,SA[-3 +sg]
Jumjum,1pe->2s,1,HgiL,P[+2 +sg]
Jumjum,1pe->2p,1,HLgɛH,P[-1 +2 +pl]
Jumjum,1pe->3s,1,HɔnL,SA[+1 -2 +pl]
Jumjum,1pe->3p,1,HɔnL,SA[+1 -2 +pl]
Jumjum,1di->3s,1,HiL,SA[-sg -pl]
Jumjum,1di->3p,1,HiL,SA[-sg -pl]
Jumjum,1pi->3s,1,HinL,SA[+1 +2 +pl]
Jumjum,1pi->3p,1,HinL,SA[+1 +2 +pl]
Jumjum,2s->1s,1,HjaH,[+2 +sg]A->P[+1 +sg]
Jumjum,2s->1pe,1,H,SP[-3]
Jumjum,2s->1pe,2,L,SA[-1]
Jumjum,2s->1pe,3,ɔn,P[+1 -2 +pl]
Jumjum,2s->1pe,4,H,P[+1 -sg]
Jumjum,2s->3s,1,HʌL,SA[-3 +sg]
Jumjum,2s->3p,1,HʌL,SA[-3 +sg]
Jumjum,2p->1s,1,H,SP[-3]
Jumjum,2p->1s,2,La,P[+1 +sg]
Jumjum,2p->1s,3,L,SA[-1]
Jumjum,2p->1pe,1,H,SP[-3]
Jumjum,2p->1pe,2,L,[-1 +2 +pl]AP1<->AP2[+1 -2]
Jumjum,2p->1pe,3,ɔn,P[+1 -2 +pl]
Jumjum,2p->1pe,4,L,SA[-1]
Jumjum,2p->3s,1,HɛH,[-1]A->P[+3]
Jumjum,2p->3p,1,HɛH,[-1]A->P[+3]
Jumjum,3s->1s,1,La,P[+1 +sg]
Jumjum,3s->1s,2,L,SA[-1]
Jumjum,3s->1pe,1,L,SA[-1]
Jumjum,3s->1pe,2,ɔn,P[+1 -2 +pl]
Jumjum,3s->1pe,3,H,SP[-3]
Jumjum,3s->1di,1,L,SA[-1]
Jumjum,3s->1di,2,i,P[+1 +2]
Jumjum,3s->1di,3,H,SP[-3]
Jumjum,3s->1pi,1,L,SA[-1]
Jumjum,3s->1pi,2,i,P[+1 +2]
Jumjum,3s->1pi,3,n,P[+1 +2 +pl]
Jumjum,3s->1pi,4,H,SP[-3]
Jumjum,3s->2s,1,Ley,[+3 +sg]A->P[+2 +sg]
Jumjum,3s->2s,2,L,SA[-1]
Jumjum,3s->2p,1,L,SA[-1]
Jumjum,3s->2p,2,ɛ,SP[-1 +2 +pl]
Jumjum,3s->2p,3,H,SP[-3]
Jumjum,3s->3s,1,HɛH,[-1]A->P[+3]
Jumjum,3s->3p,1,HɛH,[-1]A->P[+3]
Jumjum,3p->1s,1,H,SP[-3]
Jumjum,3p->1s,2,g,[+3 +pl]A->P[+1]
Jumjum,3p->1s,3,a,[+3 +pl]A->P[+1 +sg]
Jumjum,3p->1s,4,L,SA[-1]
Jumjum,3p->1pe,1,H,SP[-3]
Jumjum,3p->1pe,2,L,SA[-1]
Jumjum,3p->1pe,3,g,[+3 +pl]A->P[+1]
Jumjum,3p->1pe,4,ɔn,P[+1 -2 +pl]
Jumjum,3p->1pe,5,H,P[+1 -sg]
Jumjum,3p->1di,1,H,SP[-3]
Jumjum,3p->1di,2,L,SA[-1]
Jumjum,3p->1di,3,g,[+3 +pl]A->P[+1]
Jumjum,3p->1di,4,i,P[+1 +2]
Jumjum,3p->1di,5,H,P[+1 -sg]
Jumjum,3p->1pi,1,H,SP[-3]
Jumjum,3p->1pi,2,L,SA[-1]
Jumjum,3p->1pi,3,g,[+3 +pl]A->P[+1]
Jumjum,3p->1pi,4,i,P[+1 +2]
Jumjum,3p->1pi,5,n,P[+1 +2 +pl]
Jumjum,3p->1pi,6,H,P[+1 -sg]
Jumjum,3p->2s,1,HgiL,P[+2 +sg]
Jumjum,3p->2p,1,HLgɛH,P[-1 +2 +pl]
Jumjum,3p->3s,1,HgʌL,[+3 +pl]A->P[+3]
Jumjum,3p->3p,1,HgʌL,[+3 +pl]A->P[+3]
Karuk,1s,-1,ni,SA[+1 +sg]
Karuk,1p,-1,nu,SA[+1]
Karuk,2s,-1,ʔi,SAP[+2 +sg]
Karuk,2p,-1,ku,SA[+2 +pl]
Karuk,3s,-1,ʔu,S[+3 +sg]
Karuk,3p,-1,kun,S[+3 +pl]
Karuk,1s->2s,-1,nu,SA[+1]
Karuk,1s->2p,-1,kiik,P[+2 +pl]
Karuk,1s->2p,1,ap,P[+2]
Karuk,1s->3s,-1,ni,SA[+1 +sg]
Karuk,1s->3p,-1,ni,SA[+1 +sg]
Karuk,1p->2s,-1,nu,SA[+1]
Karuk,1p->2p,-1,kiik,P[+2 +pl]
Karuk,1p->2p,1,ap,P[+2]
Karuk,1p->3s,-1,nu,SA[+1]
Karuk,1p->3p,-1,nu,SA[+1]
Karuk,2s->1s,-1,na,P[+1 +sg]
Karuk,2s->1p,-1,kin,P[-2 +pl]
Karuk,2s->3s,-1,ʔi,SAP[+2 +sg]
Karuk,2s->3p,-1,ʔi,SAP[+2 +sg]
Karuk,2p->1s,-2,ka,[-1 +pl]A->P[+1 +sg]
Karuk,2p->1s,-1,na,P[+1 +sg]
Karuk,2p->1p,-1,kin,P[-2 +pl]
Karuk,2p->3s,-1,ku,SA[+2 +pl]
Karuk,2p->3p,-1,ku,SA[+2 +pl]
Karuk,3s->1s,-1,na,P[+1 +sg]
Karuk,3s->1p,-1,kin,P[-2 +pl]
Karuk,3s->2s,-1,ʔi,SAP[+2 +sg]
Karuk,3s->2s,1,ap,P[+2]
Karuk,3s->2p,-1,kiik,P[+2 +pl]
Karuk,3s->2p,1,ap,P[+2]
Karuk,3s->3s,-1,ʔu,[+3 +sg]A->P[+3]
Karuk,3s->3p,-1,ʔu,[+3 +sg]A->P[+3]
Karuk,3p->1s,-2,ka,[-1 +pl]A->P[+1 +sg]
Karuk,3p->1s,-1,na,P[+1 +sg]
Karuk,3p->1p,-1,kin,P[-2 +pl]
Karuk,3p->2s,-1,ʔi,SAP[+2 +sg]
Karuk,3p->2s,1,ap,P[+2]
Karuk,3p->2p,-1,kiik,P[+2 +pl]
Karuk,3p->2p,1,ap,P[+2]
Karuk,3p->3s,-1,kun,[+3 +pl]A->P[+3 +sg]
Karuk,3p->3p,-1,kin,P[-2 +pl]
Ket,1s,-1,di,SA[+1]
Ket,1p,-1,di,SA[+1]
Ket,2s,-1,ku,SA[+2]
Ket,2p,-1,ku,SA[+2]
Ket,3s.m,-1,du,SA[+3]
Ket,3s.f,-1,dʌ,SA[+sg -masc]
Ket,3s.n,-1,dʌ,SA[+sg -masc]
Ket,3p.m,-1,du,SA[+3]
Ket,3p.f,-1,du,SA[+3]
Ket,3p.n,-1,du,SA[+3]
Ket,1s->2s,-2,di,SA[+1]
Ket,1s->2s,-1,ɣu,P[+2 +sg]
Ket,1s->2p,-3,di,SA[+1]
Ket,1s->2p,-2,ɣa,P[+2 +pl]
Ket,1s->2p,-1,ŋ,P[+2 +pl]
Ket,1s->3s.m,-2,di,SA[+1]
Ket,1s->3s.m,-1,ɣa,AP[+sg +masc]
Ket,1s->3s.f,-1,di,SA[+1]
Ket,1s->3s.n,-1,di,SA[+1]
Ket,1s->3p.m,-2,di,SA[+1]
Ket,1s->3p.m,-1,aŋa,P[+3 +pl]
Ket,1s->3p.f,-2,di,SA[+1]
Ket,1s->3p.f,-1,aŋa,P[+3 +pl]
Ket,1s->3p.n,-2,di,SA[+1]
Ket,1s->3p.n,-1,aŋa,P[+3 +pl]
Ket,1p->2s,-2,di,SA[+1]
Ket,1p->2s,-1,ɣu,P[+2 +sg]
Ket,1p->2s,1,in,A[+pl]
Ket,1p->2p,-3,di,SA[+1]
Ket,1p->2p,-2,ɣa,P[+2 +pl]
Ket,1p->2p,-1,ŋ,P[+2 +pl]
Ket,1p->2p,1,in,A[+pl]
Ket,1p->3s.m,-2,di,SA[+1]
Ket,1p->3s.m,-1,ɣa,AP[+sg +masc]
Ket,1p->3s.m,1,in,A[+pl]
Ket,1p->3s.f,-1,di,SA[+1]
Ket,1p->3s.f,1,in,A[+pl]
Ket,1p->3s.n,-1,di,SA[+1]
Ket,1p->3s.n,1,in,A[+pl]
Ket,1p->3p.m,-2,di,SA[+1]
Ket,1p->3p.m,-1,aŋa,P[+3 +pl]
Ket,1p->3p.m,1,in,A[+pl]
Ket,1p->3p.f,-2,di,SA[+1]
Ket,1p->3p.f,-1,aŋa,P[+3 +pl]
Ket,1p->3p.f,1,in,A[+pl]
Ket,1p->3p.n,-2,di,SA[+1]
Ket,1p->3p.n,-1,aŋa,P[+3 +pl]
Ket,1p->3p.n,1,in,A[+pl]
Ket,2s->1s,-2,ku,SA[+2]
Ket,2s->1s,-1,ri,P[+1 +sg]
Ket,2s->1p,-2,ku,SA[+2]
Ket,2s->1p,-1,daŋ,P[+1 +pl]
Ket,2s->3s.m,-2,ku,SA[+2]
Ket,2s->3s.m,-1,ɣa,AP[+sg +masc]
Ket,2s->3s.f,-1,ku,SA[+2]
Ket,2s->3s.n,-1,ku,SA[+2]
Ket,2s->3p.m,-2,ku,SA[+2]
Ket,2s->3p.m,-1,aŋa,P[+3 +pl]
Ket,2s->3p.f,-2,ku,SA[+2]
Ket,2s->3p.f,-1,aŋa,P[+3 +pl]
Ket,2s->3p.n,-2,ku,SA[+2]
Ket,2s->3p.n,-1,aŋa,P[+3 +pl]
Ket,2p->1s,-2,ku,SA[+2]
Ket,2p->1s,-1,ri,P[+1 +sg]
Ket,2p->1s,1,in,A[+pl]
Ket,2p->1p,-2,ku,SA[+2]
Ket,2p->1p,-1,daŋ,P[+1 +pl]
Ket,2p->1p,1,in,A[+pl]
Ket,2p->3s.m,-2,ku,SA[+2]
Ket,2p->3s.m,-1,ɣa,AP[+sg +masc]
Ket,2p->3s.m,1,in,A[+pl]
Ket,2p->3s.f,-1,ku,SA[+2]
Ket,2p->3s.f,1,in,A[+pl]
Ket,2p->3s.n,-1,ku,SA[+2]
Ket,2p->3s.n,1,in,A[+pl]
Ket,2p->3p.m,-2,ku,SA[+2]
Ket,2p->3p.m,-1,aŋa,P[+3 +pl]
Ket,2p->3p.m,1,in,A[+pl]
Ket,2p->3p.f,-2,ku,SA[+2]
Ket,2p->3p.f,-1,aŋa,P[+3 +pl]
Ket,2p->3p.f,1,in,A[+pl]
Ket,2p->3p.n,-2,ku,SA[+2]
Ket,2p->3p.n,-1,aŋa,P[+3 +pl]
Ket,2p->3p.n,1,in,A[+pl]
Ket,3s.m->1s,-2,du,SA[+3]
Ket,3s.m->1s,-1,ri,P[+1 +sg]
Ket,3s.m->1p,-2,du,SA[+3]
Ket,3s.m->1p,-1,daŋ,P[+1 +pl]
Ket,3s.m->2s,-2,du,SA[+3]
Ket,3s.m->2s,-1,ɣu,P[+2 +sg]
Ket,3s.m->2p,-3,du,SA[+3]
Ket,3s.m->2p,-2,ɣa,AP[+sg +masc]
Ket,3s.m->2p,-1,ŋ,P[+2 +pl]
Ket,3s.m->3s.m,-2,du,SA[+3]
Ket,3s.m->3s.m,-1,ɣa,AP[+sg +masc]
Ket,3s.m->3s.f,-1,du,SA[+3]
Ket,3s.m->3s.n,-1,du,SA[+3]
Ket,3s.m->3p.m,-2,du,SA[+3]
Ket,3s.m->3p.m,-1,aŋa,P[+3 +pl]
Ket,3s.m->3p.f,-2,du,SA[+3]
Ket,3s.m->3p.f,-1,aŋa,P[+3 +pl]
Ket,3s.m->3p.n,-2,du,SA[+3]
Ket,3s.m->3p.n,-1,aŋa,P[+3 +pl]
Ket,3s.f->1s,-2,dʌ,SA[+sg -masc]
Ket,3s.f->1s,-1,ri,P[+1 +sg]
Ket,3s.f->1p,-2,dʌ,SA[+sg -masc]
Ket,3s.f->1p,-1,daŋ,P[+1 +pl]
Ket,3s.f->2s,-2,du,SA[+3]
Ket,3s.f->2s,-1,ɣu,P[+2 +sg]
Ket,3s.f->2p,-3,du,SA[+3]
Ket,3s.f->2p,-2,ɣa,P[+2 +pl]
Ket,3s.f->2p,-1,ŋ,P[+2 +pl]
Ket,3s.f->3s.m,-2,du,SA[+3]
Ket,3s.f->3s.m,-1,ɣa,AP[+sg +masc]
Ket,3s.f->3s.f,-1,du,SA[+3]
Ket,3s.f->3s.n,-1,du,SA[+3]
Ket,3s.f->3p.m,-2,dʌ,SA[+sg -masc]
Ket,3s.f->3p.m,-1,aŋa,P[+3 +pl]
Ket,3s.f->3p.f,-2,dʌ,SA[+sg -masc]
Ket,3s.f->3p.f,-1,aŋa,P[+3 +pl]
Ket,3s.f->3p.n,-2,dʌ,SA[+sg -masc]
Ket,3s.f->3p.n,-1,aŋa,P[+3 +pl]
Ket,3s.n->1s,-2,dʌ,SA[+sg -masc]
Ket,3s.n->1s,-1,ri,P[+1 +sg]
Ket,3s.n->1p,-2,dʌ,SA[+sg -masc]
Ket,3s.n->1p,-1,daŋ,P[+1 +pl]
Ket,3s.n->2s,-2,du,SA[+3]
Ket,3s.n->2s,-1,ɣu,P[+2 +sg]
Ket,3s.n->2p,-3,du,SA[+3]
Ket,3s.n->2p,-2,ɣa,P[+2 +pl]
Ket,3s.n->2p,-1,ŋ,P[+2 +pl]
Ket,3s.n->3s.m,-2,du,SA[+3]
Ket,3s.n->3s.m,-1,ɣa,AP[+sg +masc]
Ket,3s.n->3s.f,-1,du,SA[+3]
Ket,3s.n->3s.n,-1,du,SA[+3]
Ket,3s.n->3p.m,-2,dʌ,SA[+sg -masc]
Ket,3s.n->3p.m,-1,aŋa,P[+3 +pl]
Ket,3s.n->3p.f,-2,dʌ,SA[+sg -masc]
Ket,3s.n->3p.f,-1,aŋa,P[+3 +pl]
Ket,3s.n->3p.n,-2,dʌ,SA[+sg -masc]
Ket,3s.n->3p.n,-1,aŋa,P[+3 +pl]
Ket,3p.m->1s,-2,du,SA[+3]
Ket,3p.m->1s,-1,ri,P[+1 +sg]
Ket,3p.m->1s,1,in,A[+pl]
Ket,3p.m->1p,-2,du,SA[+3]
Ket,3p.m->1p,-1,daŋ,P[+1 +pl]
Ket,3p.m->1p,1,in,A[+pl]
Ket,3p.m->2s,-2,du,SA[+3]
Ket,3p.m->2s,-1,ɣu,P[+2 +sg]
Ket,3p.m->2s,1,in,A[+pl]
Ket,3p.m->2p,-3,du,SA[+3]
Ket,3p.m->2p,-2,ɣa,P[+2 +pl]
Ket,3p.m->2p,-1,ŋ,P[+2 +pl]
Ket,3p.m->2p,1,in,A[+pl]
Ket,3p.m->3s.m,-2,du,SA[+3]
Ket,3p.m->3s.m,-1,ɣa,AP[+sg +masc]
Ket,3p.m->3s.m,1,in,A[+pl]
Ket,3p.m->3s.f,-1,du,SA[+3]
Ket,3p.m->3s.f,1,in,A[+pl]
Ket,3p.m->3s.n,-1,du,SA[+3]
Ket,3p.m->3s.n,1,in,A[+pl]
Ket,3p.m->3p.m,-2,du,SA[+3]
Ket,3p.m->3p.m,-1,aŋa,P[+3 +pl]
Ket,3p.m->3p.m,1,in,A[+pl]
Ket,3p.m->3p.f,-2,du,SA[+3]
Ket,3p.m->3p.f,-1,aŋa,P[+3 +pl]
Ket,3p.m->3p.f,1,in,A[+pl]
Ket,3p.m->3p.n,-2,du,SA[+3]
Ket,3p.m->3p.n,-1,aŋa,P[+3 +pl]
Ket,3p.m->3p.n,1,in,A[+pl]
Ket,3p.f->1s,-2,du,SA[+3]
Ket,3p.f->1s,-1,ri,P[+1 +sg]
Ket,3p.f->1s,1,in,A[+pl]
Ket,3p.f->1p,-2,du,SA[+3]
Ket,3p.f->1p,-1,daŋ,P[+1 +pl]
Ket,3p.f->1p,1,in,A[+pl]
Ket,3p.f->2s,-2,du,SA[+3]
Ket,3p.f->2s,-1,ɣu,P[+2 +sg]
Ket,3p.f->2s,1,in,A[+pl]
Ket,3p.f->2p,-3,du,SA[+3]
Ket,3p.f->2p,-2,ɣa,P[+2 +pl]
Ket,3p.f->2p,-1,ŋ,P[+2 +pl]
Ket,3p.f->2p,1,in,A[+pl]
Ket,3p.f->3s.m,-2,du,SA[+3]
Ket,3p.f->3s.m,-1,ɣa,AP[+sg +masc]
Ket,3p.f->3s.m,1,in,A[+pl]
Ket,3p.f->3s.f,-1,du,SA[+3]
Ket,3p.f->3s.f,1,in,A[+pl]
Ket,3p.f->3s.n,-1,du,SA[+3]
Ket,3p.f->3s.n,1,in,A[+pl]
Ket,3p.f->3p.m,-2,du,SA[+3]
Ket,3p.f->3p.m,-1,aŋa,P[+3 +pl]
Ket,3p.f->3p.m,1,in,A[+pl]
Ket,3p.f->3p.f,-2,du,SA[+3]
Ket,3p.f->3p.f,-1,aŋa,P[+3 +pl]
Ket,3p.f->3p.f,1,in,A[+pl]
Ket,3p.f->3p.n,-2,du,SA[+3]
Ket,3p.f->3p.n,-1,aŋa,P[+3 +pl]
Ket,3p.f->3p.n,1,in,A[+pl]
Ket,3p.n->1s,-2,du,SA[+3]
Ket,3p.n->1s,-1,ri,P[+1 +sg]
Ket,3p.n->1s,1,in,A[+pl]
Ket,3p.n->1p,-2,du,SA[+3]
Ket,3p.n->1p,-1,daŋ,P[+1 +pl]
Ket,3p.n->1p,1,in,A[+pl]
Ket,3p.n->2s,-2,du,SA[+3]
Ket,3p.n->2s,-1,ɣu,P[+2 +sg]
Ket,3p.n->2s,1,in,A[+pl]
Ket,3p.n->2p,-3,du,SA[+3]
Ket,3p.n->2p,-2,ɣa,P[+2 +pl]
Ket,3p.n->2p,-1,ŋ,P[+2 +pl]
Ket,3p.n->2p,1,in,A[+pl]
Ket,3p.n->3s.m,-2,du,SA[+3]
Ket,3p.n->3s.m,-1,ɣa,AP[+sg +masc]
Ket,3p.n->3s.m,1,in,A[+pl]
Ket,3p.n->3s.f,-1,du,SA[+3]
Ket,3p.n->3s.f,1,in,A[+pl]
Ket,3p.n->3s.n,-1,du,SA[+3]
Ket,3p.n->3s.n,1,in,A[+pl]
Ket,3p.n->3p.m,-2,du,SA[+3]
Ket,3p.n->3p.m,-1,aŋa,P[+3 +pl]
Ket,3p.n->3p.m,1,in,A[+pl]
Ket,3p.n->3p.f,-2,du,SA[+3]
Ket,3p.n->3p.f,-1,aŋa,P[+3 +pl]
Ket,3p.n->3p.f,1,in,A[+pl]
Ket,3p.n->3p.n,-2,du,SA[+3]
Ket,3p.n->3p.n,-1,aŋa,P[+3 +pl]
Ket,3p.n->3p.n,1,in,A[+pl]
Kunama,1s,-2,n,SA[-3 +sg]
Kunama,1s,-1,a,SAP[+1]
Kunama,1de,-3,m,SA[-3 -sg]
Kunama,1de,-2,a,SAP[+1]
Kunama,1de,-1,H,SAP[+1 -pl]
Kunama,1pe,-2,m,SA[-3 -sg]
Kunama,1pe,-1,a,SAP[+1]
Kunama,1di,-3,k,SA[+1 +2]
Kunama,1di,-2,a,SAP[+1]
Kunama,1di,-1,H,SAP[+1 -pl]
Kunama,1pi,-2,k,SA[+1 +2]
Kunama,1pi,-1,a,SAP[+1]
Kunama,2s,-1,n,SA[-3 +sg]
Kunama,2d,-3,m,SA[-3 -sg]
Kunama,2d,-2,e,S[-1 +2 +du]
Kunama,2d,-1,H,S[-1 +du]
Kunama,2p,-1,m,SA[-3 -sg]
Kunama,3s,-1,i,S[+3 -pl]
Kunama,3d,-3,m,S[+3 +du]
Kunama,3d,-2,i,S[+3 -pl]
Kunama,3d,-1,H,S[-1 +du]
Kunama,3p,-1,o,S[+3 +pl]
Kunama,1s->2s,-3,n,SA[-3 +sg]
Kunama,1s->2s,-2,a,SAP[+1]
Kunama,1s->2s,-1,H,SAP[+1 -pl]
Kunama,1s->2d,-3,n,SA[-3 +sg]
Kunama,1s->2d,-2,a,SAP[+1]
Kunama,1s->2d,-1,ː,P[-sg]
Kunama,1s->2p,-3,n,SA[-3 +sg]
Kunama,1s->2p,-2,a,SAP[+1]
Kunama,1s->2p,-1,ː,P[-sg]
Kunama,1s->3s,-2,n,SA[-3 +sg]
Kunama,1s->3s,-1,a,SAP[+1]
Kunama,1s->3d,-3,n,SA[-3 +sg]
Kunama,1s->3d,-2,a,SAP[+1]
Kunama,1s->3d,-1,ː,P[-sg]
Kunama,1s->3p,-3,n,SA[-3 +sg]
Kunama,1s->3p,-2,a,SAP[+1]
Kunama,1s->3p,-1,ː,P[-sg]
Kunama,1de->2s,-3,m,SA[-3 -sg]
Kunama,1de->2s,-2,a,SAP[+1]
Kunama,1de->2s,-1,H,SAP[+1 -pl]
Kunama,1de->2d,-4,m,SA[-3 -sg]
Kunama,1de->2d,-3,a,SAP[+1]
Kunama,1de->2d,-2,H,SAP[+1 -pl]
Kunama,1de->2d,-1,ː,P[-sg]
Kunama,1de->2p,-4,m,SA[-3 -sg]
Kunama,1de->2p,-3,a,SAP[+1]
Kunama,1de->2p,-2,H,SAP[+1 -pl]
Kunama,1de->2p,-1,ː,P[-sg]
Kunama,1de->3s,-3,m,SA[-3 -sg]
Kunama,1de->3s,-2,a,SAP[+1]
Kunama,1de->3s,-1,H,SAP[+1 -pl]
Kunama,1de->3d,-4,m,SA[-3 -sg]
Kunama,1de->3d,-3,a,SAP[+1]
Kunama,1de->3d,-2,H,SAP[+1 -pl]
Kunama,1de->3d,-1,ː,P[-sg]
Kunama,1de->3p,-4,m,SA[-3 -sg]
Kunama,1de->3p,-3,a,SAP[+1]
Kunama,1de->3p,-2,H,SAP[+1 -pl]
Kunama,1de->3p,-1,ː,P[-sg]
Kunama,1pe->2s,-3,m,SA[-3 -sg]
Kunama,1pe->2s,-2,a,SAP[+1]
Kunama,1pe->2s,-1,H,[-2 +pl]A->P[+2 +sg]
Kunama,1pe->2d,-3,m,SA[-3 -sg]
Kunama,1pe->2d,-2,a,SAP[+1]
Kunama,1pe->2d,-1,ː,P[-sg]
Kunama,1pe->2p,-3,m,SA[-3 -sg]
Kunama,1pe->2p,-2,a,SAP[+1]
Kunama,1pe->2p,-1,ː,P[-sg]
Kunama,1pe->3s,-2,m,SA[-3 -sg]
Kunama,1pe->3s,-1,a,SAP[+1]
Kunama,1pe->3d,-3,m,SA[-3 -sg]
Kunama,1pe->3d,-2,a,SAP[+1]
Kunama,1pe->3d,-1,ː,P[-sg]
Kunama,1pe->3p,-3,m,SA[-3 -sg]
Kunama,1pe->3p,-2,a,SAP[+1]
Kunama,1pe->3p,-1,ː,P[-sg]
Kunama,1di->3s,-3,k,SA[+1 +2]
Kunama,1di->3s,-2,a,SAP[+1]
Kunama,1di->3s,-1,H,SAP[+1 -pl]
Kunama,1di->3d,-4,k,SA[+1 +2]
Kunama,1di->3d,-3,a,SAP[+1]
Kunama,1di->3d,-2,H,SAP[+1 -pl]
Kunama,1di->3d,-1,ː,P[-sg]
Kunama,1di->3p,-4,k,SA[+1 +2]
Kunama,1di->3p,-3,a,SAP[+1]
Kunama,1di->3p,-2,H,SAP[+1 -pl]
Kunama,1di->3p,-1,ː,P[-sg]
Kunama,1pi->3s,-2,k,SA[+1 +2]
Kunama,1pi->3s,-1,a,SAP[+1]
Kunama,1pi->3d,-3,k,SA[+1 +2]
Kunama,1pi->3d,-2,a,SAP[+1]
Kunama,1pi->3d,-1,ː,P[-sg]
Kunama,1pi->3p,-3,k,SA[+1 +2]
Kunama,1pi->3p,-2,a,SAP[+1]
Kunama,1pi->3p,-1,ː,P[-sg]
Kunama,2s->1s,-2,a,SAP[+1]
Kunama,2s->1s,-1,H,SAP[+1 -pl]
Kunama,2s->1de,-2,a,SAP[+1]
Kunama,2s->1de,-1,ː,P[-sg]
Kunama,2s->1pe,-2,a,SAP[+1]
Kunama,2s->1pe,-1,ː,P[-sg]
Kunama,2s->3s,-2,n,SA[-3 +sg]
Kunama,2s->3s,-1,i,[-1]A->P[+3]
Kunama,2s->3d,-3,n,SA[-3 +sg]
Kunama,2s->3d,-2,i,[-1]A->P[+3]
Kunama,2s->3d,-1,ː,P[-sg]
Kunama,2s->3p,-3,n,SA[-3 +sg]
Kunama,2s->3p,-2,i,[-1]A->P[+3]
Kunama,2s->3p,-1,ː,P[-sg]
Kunama,2d->1s,-2,a,SAP[+1]
Kunama,2d->1s,-1,H,SAP[+1 -pl]
Kunama,2d->1de,-2,a,SAP[+1]
Kunama,2d->1de,-1,ː,P[-sg]
Kunama,2d->1pe,-2,a,SAP[+1]
Kunama,2d->1pe,-1,ː,P[-sg]
Kunama,2d->3s,-2,m,SA[-3 -sg]
Kunama,2d->3s,-1,e,[-1 +2]AP1<->AP2[+3]
Kunama,2d->3d,-4,m,SA[-3 -sg]
Kunama,2d->3d,-3,e,[-1 +2]AP1<->AP2[+3]
Kunama,2d->3d,-2,H,[-1 +du]A->P[-1]
Kunama,2d->3d,-1,ː,P[-sg]
Kunama,2d->3p,-4,m,SA[-3 -sg]
Kunama,2d->3p,-3,e,[-1 +2]AP1<->AP2[+3]
Kunama,2d->3p,-2,H,[-1 +du]A->P[-1]
Kunama,2d->3p,-1,ː,P[-sg]
Kunama,2p->1s,-2,a,SAP[+1]
Kunama,2p->1s,-1,H,SAP[+1 -pl]
Kunama,2p->1de,-2,a,SAP[+1]
Kunama,2p->1de,-1,ː,P[-sg]
Kunama,2p->1pe,-2,a,SAP[+1]
Kunama,2p->1pe,-1,ː,P[-sg]
Kunama,2p->3s,-2,m,SA[-3 -sg]
Kunama,2p->3s,-1,i,[-1]A->P[+3]
Kunama,2p->3d,-3,m,SA[-3 -sg]
Kunama,2p->3d,-2,i,[-1]A->P[+3]
Kunama,2p->3d,-1,ː,P[-sg]
Kunama,2p->3p,-3,m,SA[-3 -sg]
Kunama,2p->3p,-2,i,[-1]A->P[+3]
Kunama,2p->3p,-1,ː,P[-sg]
Kunama,3s->1s,-1,a,SAP[+1]
Kunama,3s->1de,-2,a,SAP[+1]
Kunama,3s->1de,-1,ː,P[-sg]
Kunama,3s->1pe,-2,a,SAP[+1]
Kunama,3s->1pe,-1,ː,P[-sg]
Kunama,3s->1di,-2,a,SAP[+1]
Kunama,3s->1di,-1,ː,P[-sg]
Kunama,3s->1pi,-2,a,SAP[+1]
Kunama,3s->1pi,-1,ː,P[-sg]
Kunama,3s->2s,-1,e,[-1 +2]AP1<->AP2[+3]
Kunama,3s->2d,-2,e,[-1 +2]AP1<->AP2[+3]
Kunama,3s->2d,-1,ː,P[-sg]
Kunama,3s->2p,-2,e,[-1 +2]AP1<->AP2[+3]
Kunama,3s->2p,-1,ː,P[-sg]
Kunama,3s->3s,-1,i,[-1]A->P[+3]
Kunama,3s->3d,-2,i,[-1]A->P[+3]
Kunama,3s->3d,-1,ː,P[-sg]
Kunama,3s->3p,-2,i,[-1]A->P[+3]
Kunama,3s->3p,-1,ː,P[-sg]
Kunama,3d->1s,-2,a,SAP[+1]
Kunama,3d->1s,-1,H,SAP[+1 -pl]
Kunama,3d->1de,-2,a,SAP[+1]
Kunama,3d->1de,-1,ː,P[-sg]
Kunama,3d->1pe,-2,a,SAP[+1]
Kunama,3d->1pe,-1,ː,P[-sg]
Kunama,3d->1di,-2,a,SAP[+1]
Kunama,3d->1di,-1,ː,P[-sg]
Kunama,3d->1pi,-2,a,SAP[+1]
Kunama,3d->1pi,-1,ː,P[-sg]
Kunama,3d->2s,-2,e,[-1 +2]AP1<->AP2[+3]
Kunama,3d->2s,-1,H,[-1 +du]A->P[-1]
Kunama,3d->2d,-2,e,[-1 +2]AP1<->AP2[+3]
Kunama,3d->2d,-1,ː,P[-sg]
Kunama,3d->2p,-2,e,[-1 +2]AP1<->AP2[+3]
Kunama,3d->2p,-1,ː,P[-sg]
Kunama,3d->3s,-3,m,[+3 +du]A->P[+3]
Kunama,3d->3s,-2,i,[-1]A->P[+3]
Kunama,3d->3s,-1,H,[-1 +du]A->P[-1]
Kunama,3d->3d,-4,m,[+3 +du]A->P[+3]
Kunama,3d->3d,-3,i,[-1]A->P[+3]
Kunama,3d->3d,-2,H,[-1 +du]A->P[-1]
Kunama,3d->3d,-1,ː,P[-sg]
Kunama,3d->3p,-4,m,[+3 +du]A->P[+3]
Kunama,3d->3p,-3,i,[-1]A->P[+3]
Kunama,3d->3p,-2,H,[-1 +du]A->P[-1]
Kunama,3d->3p,-1,ː,P[-sg]
Kunama,3p->1s,-2,a,SAP[+1]
Kunama,3p->1s,-1,H,SAP[+1 -pl]
Kunama,3p->1de,-2,a,SAP[+1]
Kunama,3p->1de,-1,ː,P[-sg]
Kunama,3p->1pe,-2,a,SAP[+1]
Kunama,3p->1pe,-1,ː,P[-sg]
Kunama,3p->1di,-2,a,SAP[+1]
Kunama,3p->1di,-1,ː,P[-sg]
Kunama,3p->1pi,-2,a,SAP[+1]
Kunama,3p->1pi,-1,ː,P[-sg]
Kunama,3p->2s,-2,e,[-1 +2]AP1<->AP2[+3]
Kunama,3p->2s,-1,H,[-2 +pl]A->P[+2 +sg]
Kunama,3p->2d,-2,e,[-1 +2]AP1<->AP2[+3]
Kunama,3p->2d,-1,ː,P[-sg]
Kunama,3p->2p,-2,e,[-1 +2]AP1<->AP2[+3]
Kunama,3p->2p,-1,ː,P[-sg]
Kunama,3p->3s,-1,o,[+3 +pl]A->P[+3 +sg]
Kunama,3p->3d,-2,i,[-1]A->P[+3]
Kunama,3p->3d,-1,ː,P[-sg]
Kunama,3p->3p,-2,i,[-1]A->P[+3]
Kunama,3p->3p,-1,ː,P[-sg]
Lakhota,1s,-1,wa,SA[+1 -2]
Lakhota,1p,-1,uŋk,SAP[+1 -sg]
Lakhota,1p,1,pi,SAP[-sg]
Lakhota,1di,-1,uŋk,SAP[+1 -sg]
Lakhota,2s,-1,ya,SA[-1 +2]
Lakhota,2p,-1,ya,SA[-1 +2]
Lakhota,2p,1,pi,SAP[-sg]
Lakhota,3p,1,pi,SAP[-sg]
Lakhota,1s->2s,-1,c'i,[+1 -2]A->P[-1 +2]
Lakhota,1s->2p,-1,c'i,[+1 -2]A->P[-1 +2]
Lakhota,1s->2p,1,pi,SAP[-sg]
Lakhota,1s->3s,-1,wa,SA[+1 -2]
Lakhota,1s->3p,-2,wic'a,P[+3 +pl]
Lakhota,1s->3p,-1,wa,SA[+1 -2]
Lakhota,1p->2s,-2,uŋk,SAP[+1 -sg]
Lakhota,1p->2s,-1,ni,P[-1 +2]
Lakhota,1p->2s,1,pi,SAP[-sg]
Lakhota,1p->2p,-2,uŋk,SAP[+1 -sg]
Lakhota,1p->2p,-1,ni,P[-1 +2]
Lakhota,1p->2p,1,pi,SAP[-sg]
Lakhota,1p->3s,-1,uŋk,SAP[+1 -sg]
Lakhota,1p->3s,1,pi,SAP[-sg]
Lakhota,1p->3p,-2,wic'a,P[+3 +pl]
Lakhota,1p->3p,-1,uŋk,SAP[+1 -sg]
Lakhota,1p->3p,1,pi,SAP[-sg]
Lakhota,1di->3s,-1,uŋk,SAP[+1 -sg]
Lakhota,1di->3p,-2,wic'a,P[+3 +pl]
Lakhota,1di->3p,-1,uŋk,SAP[+1 -sg]
Lakhota,1di->3p,1,pi,SAP[-sg]
Lakhota,2s->1s,-2,ma,P[+1 -2]
Lakhota,2s->1s,-1,ya,SA[-1 +2]
Lakhota,2s->1p,-2,uŋk,SAP[+1 -sg]
Lakhota,2s->1p,-1,ya,SA[-1 +2]
Lakhota,2s->1p,1,pi,SAP[-sg]
Lakhota,2s->3s,-1,ya,SA[-1 +2]
Lakhota,2s->3p,-2,wic'a,P[+3 +pl]
Lakhota,2s->3p,-1,ya,SA[-1 +2]
Lakhota,2p->1s,-2,ma,P[+1 -2]
Lakhota,2p->1s,-1,ya,SA[-1 +2]
Lakhota,2p->1s,1,pi,SAP[-sg]
Lakhota,2p->1p,-2,uŋk,SAP[+1 -sg]
Lakhota,2p->1p,-1,ya,SA[-1 +2]
Lakhota,2p->1p,1,pi,SAP[-sg]
Lakhota,2p->3s,-1,ya,SA[-1 +2]
Lakhota,2p->3s,1,pi,SAP[-sg]
Lakhota,2p->3p,-2,wic'a,P[+3 +pl]
Lakhota,2p->3p,-1,ya,SA[-1 +2]
Lakhota,2p->3p,1,pi,SAP[-sg]
Lakhota,3s->1s,-1,ma,P[+1 -2]
Lakhota,3s->1p,-1,uŋk,SAP[+1 -sg]
Lakhota,3s->1p,1,pi,SAP[-sg]
Lakhota,3s->1di,-1,uŋk,SAP[+1 -sg]
Lakhota,3s->1di,1,pi,SAP[-sg]
Lakhota,3s->2s,-1,ni,P[-1 +2]
Lakhota,3s->2p,-1,ni,P[-1 +2]
Lakhota,3s->2p,1,pi,SAP[-sg]
Lakhota,3s->3p,-1,wic'a,P[+3 +pl]
Lakhota,3p->1s,-1,ma,P[+1 -2]
Lakhota,3p->1s,1,pi,SAP[-sg]
Lakhota,3p->1p,-1,uŋk,SAP[+1 -sg]
Lakhota,3p->1p,1,pi,SAP[-sg]
Lakhota,3p->1di,-1,uŋk,SAP[+1 -sg]
Lakhota,3p->1di,1,pi,SAP[-sg]
Lakhota,3p->2s,-1,ni,P[-1 +2]
Lakhota,3p->2s,1,pi,SAP[-sg]
Lakhota,3p->2p,-1,ni,P[-1 +2]
Lakhota,3p->2p,1,pi,SAP[-sg]
Lakhota,3p->3s,1,pi,SAP[-sg]
Lakhota,3p->3p,-1,wic'a,P[+3 +pl]
Lakhota,3p->3p,1,pi,SAP[-sg]
Maricopa,1s,-1,ʔ,SAP[+1]
Maricopa,1p,-1,ʔ,SAP[+1]
Maricopa,2s,-1,m,SAP[+2]
Maricopa,2p,-1,m,SAP[+2]
Maricopa,1s->2s,-1,ny,AP[+1]
Maricopa,1s->2p,-1,ny,AP[+1]
Maricopa,1s->3s,-1,ʔ,SAP[+1]
Maricopa,1s->3p,-1,ʔ,SAP[+1]
Maricopa,1p->2s,-1,ny,AP[+1]
Maricopa,1p->2p,-1,ny,AP[+1]
Maricopa,1p->3s,-1,ʔ,SAP[+1]
Maricopa,1p->3p,-1,ʔ,SAP[+1]
Maricopa,2s->1s,-3,ʔ,SAP[+1]
Maricopa,2s->1s,-2,ny,AP[+1]
Maricopa,2s->1s,-1,m,SAP[+2]
Maricopa,2s->1p,-3,ʔ,SAP[+1]
Maricopa,2s->1p,-2,ny,AP[+1]
Maricopa,2s->1p,-1,m,SAP[+2]
Maricopa,2s->3s,-1,m,SAP[+2]
Maricopa,2s->3p,-1,m,SAP[+2]
Maricopa,2p->1s,-3,ʔ,SAP[+1]
Maricopa,2p->1s,-2,ny,AP[+1]
Maricopa,2p->1s,-1,m,SAP[+2]
Maricopa,2p->1p,-3,ʔ,SAP[+1]
Maricopa,2p->1p,-2,ny,AP[+1]
Maricopa,2p->1p,-1,m,SAP[+2]
Maricopa,2p->3s,-1,m,SAP[+2]
Maricopa,2p->3p,-1,m,SAP[+2]
Maricopa,3s->1s,-1,ny,AP[+1]
Maricopa,3s->1p,-1,ny,AP[+1]
Maricopa,3s->2s,-1,m,SAP[+2]
Maricopa,3s->2p,-1,m,SAP[+2]
Maricopa,3p->1s,-1,ny,AP[+1]
Maricopa,3p->1p,-1,ny,AP[+1]
Maricopa,3p->2s,-1,m,SAP[+2]
Maricopa,3p->2p,-1,m,SAP[+2]
Maung,1s,-1,ŋa,S[+1 +sg]
Maung,1pe,-1,ŋar,SAP[+1 -2 +pl]
Maung,1pi,-1,gar,SAP[+1 +2]
Maung,2s,-1,gan,S[+2 +sg]
Maung,2p,-1,gur,SAP[-1 +2 +pl]
Maung,3.I,-2,g,SP[+3]
Maung,3.I,-1,i,SAP[+3 +sg]
Maung,3.III,-3,g,SP[+3]
Maung,3.III,-2,aw,SP[+3 +pl]
Maung,3.III,-1,u,S[+3 +pl]
Maung,3.II,-3,g,SP[+3]
Maung,3.II,-2,i,SAP[+3 +sg]
Maung,3.II,-1,nj,SP[+sg -masc]
Maung,3.IV,-2,g,SP[+3]
Maung,3.IV,-1,aŋ,SP[ground]
Maung,3.V,-2,g,SP[+3]
Maung,3.V,-1,ama,SP[tree]
Maung,3.VI,-3,g,SP[+3]
Maung,3.VI,-2,a,S[veget]
Maung,3.VI,-1,aw,SP[veget]
Maung,1s->2s,-2,gu,AP[+2 +sg]
Maung,1s->2s,-1,un,P[+hum]
Maung,1s->2p,-2,gur,SAP[-1 +2 +pl]
Maung,1s->2p,-1,un,P[+hum]
Maung,1s->3.I,-2,ŋa,[+sg]AP1<->AP2[-1]
Maung,1s->3.I,-1,i,SAP[+3 +sg]
Maung,1s->3.II,-3,ŋa,[+sg]AP1<->AP2[-1]
Maung,1s->3.II,-2,i,SAP[+3 +sg]
Maung,1s->3.II,-1,nj,SP[+sg -masc]
Maung,1s->3.III,-2,ŋa,[+sg]AP1<->AP2[-1]
Maung,1s->3.III,-1,bun,[-3]A->P[+3 +pl]
Maung,1s->3.IV,-2,ŋa,[+sg]AP1<->AP2[-1]
Maung,1s->3.IV,-1,uŋ,[-3]A->P[ground]
Maung,1s->3.V,-3,ŋa,[+sg]AP1<->AP2[-1]
Maung,1s->3.V,-2,nj,[+1 +sg]A->P[tree]
Maung,1s->3.V,-1,ba,[-3]A->P[tree]
Maung,1s->3.VI,-2,ŋa,[+sg]AP1<->AP2[-1]
Maung,1s->3.VI,-1,aw,SP[veget]
Maung,1pe->2s,-3,gu,AP[+2 +sg]
Maung,1pe->2s,-2,r,[-3 +pl]A->P[-3 +sg]
Maung,1pe->2s,-1,un,P[+hum]
Maung,1pe->2p,-2,gur,SAP[-1 +2 +pl]
Maung,1pe->2p,-1,un,P[+hum]
Maung,1pe->3.I,-2,ŋar,SAP[+1 -2 +pl]
Maung,1pe->3.I,-1,i,SAP[+3 +sg]
Maung,1pe->3.II,-3,ŋar,SAP[+1 -2 +pl]
Maung,1pe->3.II,-2,i,SAP[+3 +sg]
Maung,1pe->3.II,-1,nj,SP[+sg -masc]
Maung,1pe->3.III,-2,ŋar,SAP[+1 -2 +pl]
Maung,1pe->3.III,-1,bun,[-3]A->P[+3 +pl]
Maung,1pe->3.IV,-2,nar,[+1 -2 +pl]A->P[ground]
Maung,1pe->3.IV,-1,uŋ,[-3]A->P[ground]
Maung,1pe->3.V,-2,ŋar,SAP[+1 -2 +pl]
Maung,1pe->3.V,-1,ba,[-3]A->P[tree]
Maung,1pe->3.VI,-2,ŋar,SAP[+1 -2 +pl]
Maung,1pe->3.VI,-1,aw,SP[veget]
Maung,1pi->3.I,-2,gar,SAP[+1 +2]
Maung,1pi->3.I,-1,i,SAP[+3 +sg]
Maung,1pi->3.II,-3,gar,SAP[+1 +2]
Maung,1pi->3.II,-2,i,SAP[+3 +sg]
Maung,1pi->3.II,-1,nj,SP[+sg -masc]
Maung,1pi->3.III,-2,gar,SAP[+1 +2]
Maung,1pi->3.III,-1,bun,[-3]A->P[+3 +pl]
Maung,1pi->3.IV,-2,gar,SAP[+1 +2]
Maung,1pi->3.IV,-1,uŋ,[-3]A->P[ground]
Maung,1pi->3.V,-2,gar,SAP[+1 +2]
Maung,1pi->3.V,-1,ba,[-3]A->P[tree]
Maung,1pi->3.VI,-2,gar,SAP[+1 +2]
Maung,1pi->3.VI,-1,aw,SP[veget]
Maung,2s->1s,-2,ŋa,[+sg]AP1<->AP2[-1]
Maung,2s->1s,-1,n,[-1 +hum]A->P[+1 +sg]
Maung,2s->1pe,-2,ŋar,SAP[+1 -2 +pl]
Maung,2s->1pe,-1,un,P[+hum]
Maung,2s->3.I,-1,gu,AP[+2 +sg]
Maung,2s->3.II,-3,gu,AP[+2 +sg]
Maung,2s->3.II,-2,i,SAP[+3 +sg]
Maung,2s->3.II,-1,nj,SP[+sg -masc]
Maung,2s->3.III,-3,g,SP[+3]
Maung,2s->3.III,-2,an,[+2 +sg]A->P[+3 +pl]
Maung,2s->3.III,-1,bun,[-3]A->P[+3 +pl]
Maung,2s->3.IV,-2,gu,AP[+2 +sg]
Maung,2s->3.IV,-1,uŋ,[-3]A->P[ground]
Maung,2s->3.V,-3,g,SP[+3]
Maung,2s->3.V,-2,an,[+2 +sg]A->P[tree]
Maung,2s->3.V,-1,ba,[-3]A->P[tree]
Maung,2s->3.VI,-2,gu,AP[+2 +sg]
Maung,2s->3.VI,-1,aw,SP[veget]
Maung,2p->1s,-3,ŋa,[+sg]AP1<->AP2[-1]
Maung,2p->1s,-2,r,[-3 +pl]A->P[-3 +sg]
Maung,2p->1s,-1,un,P[+hum]
Maung,2p->1pe,-2,ŋar,SAP[+1 -2 +pl]
Maung,2p->1pe,-1,un,P[+hum]
Maung,2p->3.I,-2,gur,SAP[-1 +2 +pl]
Maung,2p->3.I,-1,i,SAP[+3 +sg]
Maung,2p->3.II,-3,gur,SAP[-1 +2 +pl]
Maung,2p->3.II,-2,i,SAP[+3 +sg]
Maung,2p->3.II,-1,nj,SP[+sg -masc]
Maung,2p->3.III,-2,gur,SAP[-1 +2 +pl]
Maung,2p->3.III,-1,bun,[-3]A->P[+3 +pl]
Maung,2p->3.IV,-2,gur,SAP[-1 +2 +pl]
Maung,2p->3.IV,-1,uŋ,[-3]A->P[ground]
Maung,2p->3.V,-2,gur,SAP[-1 +2 +pl]
Maung,2p->3.V,-1,ba,[-3]A->P[tree]
Maung,2p->3.VI,-2,gur,SAP[-1 +2 +pl]
Maung,2p->3.VI,-1,aw,SP[veget]
Maung,3.I->1s,-3,ŋa,[+sg]AP1<->AP2[-1]
Maung,3.I->1s,-2,n,[+masc]A->P[-2]
Maung,3.I->1s,-1,i,SAP[+3 +sg]
Maung,3.I->1pe,-3,ŋar,SAP[+1 -2 +pl]
Maung,3.I->1pe,-2,un,P[+hum]
Maung,3.I->1pe,-1,i,SAP[+3 +sg]
Maung,3.I->1pi,-3,gar,SAP[+1 +2]
Maung,3.I->1pi,-2,un,P[+hum]
Maung,3.I->1pi,-1,i,SAP[+3 +sg]
Maung,3.I->2s,-3,gu,AP[+2 +sg]
Maung,3.I->2s,-2,un,P[+hum]
Maung,3.I->2s,-1,i,SAP[+3 +sg]
Maung,3.I->2p,-3,gur,SAP[-1 +2 +pl]
Maung,3.I->2p,-2,un,P[+hum]
Maung,3.I->2p,-1,i,SAP[+3 +sg]
Maung,3.I->3.I,-4,g,SP[+3]
Maung,3.I->3.I,-3,i,[+masc]A->P[+3 +sg]
Maung,3.I->3.I,-2,n,[+masc]A->P[-2]
Maung,3.I->3.I,-1,i,SAP[+3 +sg]
Maung,3.I->3.II,-4,g,SP[+3]
Maung,3.I->3.II,-3,i,[+masc]A->P[+3 +sg]
Maung,3.I->3.II,-2,nj,SP[+sg -masc]
Maung,3.I->3.II,-1,i,SAP[+3 +sg]
Maung,3.I->3.III,-4,g,SP[+3]
Maung,3.I->3.III,-3,aw,SP[+3 +pl]
Maung,3.I->3.III,-2,un,P[+hum]
Maung,3.I->3.III,-1,i,SAP[+3 +sg]
Maung,3.I->3.IV,-4,g,SP[+3]
Maung,3.I->3.IV,-3,aŋ,SP[ground]
Maung,3.I->3.IV,-2,n,[+masc]A->P[-2]
Maung,3.I->3.IV,-1,i,SAP[+3 +sg]
Maung,3.I->3.V,-4,g,SP[+3]
Maung,3.I->3.V,-3,ama,SP[tree]
Maung,3.I->3.V,-2,n,[+masc]A->P[-2]
Maung,3.I->3.V,-1,i,SAP[+3 +sg]
Maung,3.I->3.VI,-4,g,SP[+3]
Maung,3.I->3.VI,-3,a,[+masc]A->P[veget]
Maung,3.I->3.VI,-2,n,[+masc]A->P[-2]
Maung,3.I->3.VI,-1,i,SAP[+3 +sg]
Maung,3.III->1s,-3,ŋa,[+sg]AP1<->AP2[-1]
Maung,3.III->1s,-2,n,[-1 +hum]A->P[+1 +sg]
Maung,3.III->1s,-1,bu,A[+3 +pl]
Maung,3.III->1pe,-3,ŋar,SAP[+1 -2 +pl]
Maung,3.III->1pe,-2,un,P[+hum]
Maung,3.III->1pe,-1,bu,A[+3 +pl]
Maung,3.III->1pi,-3,gar,SAP[+1 +2]
Maung,3.III->1pi,-2,un,P[+hum]
Maung,3.III->1pi,-1,bu,A[+3 +pl]
Maung,3.III->2s,-3,gu,AP[+2 +sg]
Maung,3.III->2s,-2,un,P[+hum]
Maung,3.III->2s,-1,bu,A[+3 +pl]
Maung,3.III->2p,-3,gur,SAP[-1 +2 +pl]
Maung,3.III->2p,-2,un,P[+hum]
Maung,3.III->2p,-1,bu,A[+3 +pl]
Maung,3.III->3.I,-3,g,SP[+3]
Maung,3.III->3.I,-2,i,SAP[+3 +sg]
Maung,3.III->3.I,-1,bu,A[+3 +pl]
Maung,3.III->3.II,-4,g,SP[+3]
Maung,3.III->3.II,-3,i,SAP[+3 +sg]
Maung,3.III->3.II,-2,nj,SP[+sg -masc]
Maung,3.III->3.II,-1,bu,A[+3 +pl]
Maung,3.III->3.III,-4,g,SP[+3]
Maung,3.III->3.III,-3,aw,SP[+3 +pl]
Maung,3.III->3.III,-2,un,P[+hum]
Maung,3.III->3.III,-1,bu,A[+3 +pl]
Maung,3.III->3.IV,-3,g,SP[+3]
Maung,3.III->3.IV,-2,aŋ,SP[ground]
Maung,3.III->3.IV,-1,bu,A[+3 +pl]
Maung,3.III->3.V,-3,g,SP[+3]
Maung,3.III->3.V,-2,ama,SP[tree]
Maung,3.III->3.V,-1,bu,A[+3 +pl]
Maung,3.III->3.VI,-1,gabu,[+3 +pl]A->P[veget]
Maung,3.II->1s,-2,ŋa,[+sg]AP1<->AP2[-1]
Maung,3.II->1s,-1,nŋa,P[+1 +sg]
Maung,3.II->1pe,-2,ŋar,SAP[+1 -2 +pl]
Maung,3.II->1pe,-1,unŋa,P[-3 +pl]
Maung,3.II->1pi,-2,gar,SAP[+1 +2]
Maung,3.II->1pi,-1,unŋa,P[-3 +pl]
Maung,3.II->2s,-3,gu,AP[+2 +sg]
Maung,3.II->2s,-2,un,P[+hum]
Maung,3.II->2s,-1,ŋa,[+sg]AP1<->AP2[-1]
Maung,3.II->2p,-2,gur,SAP[-1 +2 +pl]
Maung,3.II->2p,-1,unŋa,P[-3 +pl]
Maung,3.II->3.I,-3,g,SP[+3]
Maung,3.II->3.I,-2,i,SAP[+3 +sg]
Maung,3.II->3.I,-1,ŋa,[+sg]AP1<->AP2[-1]
Maung,3.II->3.II,-4,g,SP[+3]
Maung,3.II->3.II,-3,i,SAP[+3 +sg]
Maung,3.II->3.II,-2,nj,SP[+sg -masc]
Maung,3.II->3.II,-1,ŋa,[+sg]AP1<->AP2[-1]
Maung,3.II->3.III,-4,g,SP[+3]
Maung,3.II->3.III,-3,aw,SP[+3 +pl]
Maung,3.II->3.III,-2,un,P[+hum]
Maung,3.II->3.III,-1,ŋa,[+sg]AP1<->AP2[-1]
Maung,3.II->3.IV,-3,g,SP[+3]
Maung,3.II->3.IV,-2,aŋ,SP[ground]
Maung,3.II->3.IV,-1,ŋa,[+sg]AP1<->AP2[-1]
Maung,3.II->3.V,-3,g,SP[+3]
Maung,3.II->3.V,-2,ama,SP[tree]
Maung,3.II->3.V,-1,ŋa,[+sg]AP1<->AP2[-1]
Maung,3.II->3.VI,-1,gaga,[-masc]A->P[veget]
Maung,3.IV->1s,-2,ŋa,[+sg]AP1<->AP2[-1]
Maung,3.IV->1s,-1,nŋa,P[+1 +sg]
Maung,3.IV->1pe,-2,ŋar,SAP[+1 -2 +pl]
Maung,3.IV->1pe,-1,unŋa,P[-3 +pl]
Maung,3.IV->1pi,-2,gar,SAP[+1 +2]
Maung,3.IV->1pi,-1,unŋa,P[-3 +pl]
Maung,3.IV->2s,-3,gu,AP[+2 +sg]
Maung,3.IV->2s,-2,un,P[+hum]
Maung,3.IV->2s,-1,ŋa,[+sg]AP1<->AP2[-1]
Maung,3.IV->2p,-2,gur,SAP[-1 +2 +pl]
Maung,3.IV->2p,-1,unŋa,P[-3 +pl]
Maung,3.IV->3.I,-3,g,SP[+3]
Maung,3.IV->3.I,-2,i,SAP[+3 +sg]
Maung,3.IV->3.I,-1,ŋa,[+sg]AP1<->AP2[-1]
Maung,3.IV->3.II,-4,g,SP[+3]
Maung,3.IV->3.II,-3,i,SAP[+3 +sg]
Maung,3.IV->3.II,-2,nj,SP[+sg -masc]
Maung,3.IV->3.II,-1,ŋa,[+sg]AP1<->AP2[-1]
Maung,3.IV->3.III,-4,g,SP[+3]
Maung,3.IV->3.III,-3,aw,SP[+3 +pl]
Maung,3.IV->3.III,-2,un,P[+hum]
Maung,3.IV->3.III,-1,ŋa,[-hum]A->P[+3]
Maung,3.IV->3.IV,-3,g,SP[+3]
Maung,3.IV->3.IV,-2,aŋ,SP[ground]
Maung,3.IV->3.IV,-1,ŋa,[-hum]A->P[+3]
Maung,3.IV->3.V,-3,g,SP[+3]
Maung,3.IV->3.V,-2,ama,SP[tree]
Maung,3.IV->3.V,-1,ŋa,[-hum]A->P[+3]
Maung,3.IV->3.VI,-1,gaga,[-masc]A->P[veget]
Maung,3.V->1s,-2,ŋa,[+sg]AP1<->AP2[-1]
Maung,3.V->1s,-1,nŋa,P[+1 +sg]
Maung,3.V->1pe,-2,ŋar,SAP[+1 -2 +pl]
Maung,3.V->1pe,-1,unŋa,P[-3 +pl]
Maung,3.V->1pi,-2,gar,SAP[+1 +2]
Maung,3.V->1pi,-1,unŋa,P[-3 +pl]
Maung,3.V->2s,-3,gu,AP[+2 +sg]
Maung,3.V->2s,-2,un,P[+hum]
Maung,3.V->2s,-1,ŋa,[+sg]AP1<->AP2[-1]
Maung,3.V->2p,-2,gur,SAP[-1 +2 +pl]
Maung,3.V->2p,-1,unŋa,P[-3 +pl]
Maung,3.V->3.I,-3,g,SP[+3]
Maung,3.V->3.I,-2,i,SAP[+3 +sg]
Maung,3.V->3.I,-1,ŋa,[+sg]AP1<->AP2[-1]
Maung,3.V->3.II,-4,g,SP[+3]
Maung,3.V->3.II,-3,i,SAP[+3 +sg]
Maung,3.V->3.II,-2,nj,SP[+sg -masc]
Maung,3.V->3.II,-1,ŋa,[+sg]AP1<->AP2[-1]
Maung,3.V->3.III,-4,g,SP[+3]
Maung,3.V->3.III,-3,aw,SP[+3 +pl]
Maung,3.V->3.III,-2,un,P[+hum]
Maung,3.V->3.III,-1,ŋa,[-hum]A->P[+3]
Maung,3.V->3.IV,-3,g,SP[+3]
Maung,3.V->3.IV,-2,aŋ,SP[ground]
Maung,3.V->3.IV,-1,ŋa,[-hum]A->P[+3]
Maung,3.V->3.V,-3,g,SP[+3]
Maung,3.V->3.V,-2,ama,SP[tree]
Maung,3.V->3.V,-1,ŋa,[-hum]A->P[+3]
Maung,3.V->3.VI,-1,gaga,[-masc]A->P[veget]
Maung,3.VI->1s,-2,ŋa,[+sg]AP1<->AP2[-1]
Maung,3.VI->1s,-1,nŋa,P[+1 +sg]
Maung,3.VI->1pe,-2,ŋar,SAP[+1 -2 +pl]
Maung,3.VI->1pe,-1,unŋa,P[-3 +pl]
Maung,3.VI->1pi,-2,gar,SAP[+1 +2]
Maung,3.VI->1pi,-1,unŋa,P[-3 +pl]
Maung,3.VI->2s,-3,gu,AP[+2 +sg]
Maung,3.VI->2s,-2,un,P[+hum]
Maung,3.VI->2s,-1,ŋa,[+sg]AP1<->AP2[-1]
Maung,3.VI->2p,-2,gur,SAP[-1 +2 +pl]
Maung,3.VI->2p,-1,unŋa,P[-3 +pl]
Maung,3.VI->3.I,-3,g,SP[+3]
Maung,3.VI->3.I,-2,i,SAP[+3 +sg]
Maung,3.VI->3.I,-1,ŋa,[+sg]AP1<->AP2[-1]
Maung,3.VI->3.II,-4,g,SP[+3]
Maung,3.VI->3.II,-3,i,SAP[+3 +sg]
Maung,3.VI->3.II,-2,nj,SP[+sg -masc]
Maung,3.VI->3.II,-1,ŋa,[+sg]AP1<->AP2[-1]
Maung,3.VI->3.III,-4,g,SP[+3]
Maung,3.VI->3.III,-3,aw,SP[+3 +pl]
Maung,3.VI->3.III,-2,un,P[+hum]
Maung,3.VI->3.III,-1,ŋa,[-hum]A->P[+3]
Maung,3.VI->3.IV,-3,g,SP[+3]
Maung,3.VI->3.IV,-2,aŋ,SP[ground]
Maung,3.VI->3.IV,-1,ŋa,[-hum]A->P[+3]
Maung,3.VI->3.V,-3,g,SP[+3]
Maung,3.VI->3.V,-2,ama,SP[tree]
Maung,3.VI->3.V,-1,ŋa,[-hum]A->P[+3]
Maung,3.VI->3.VI,-1,gaga,[-masc]A->P[veget]
Mordvin,1s,1,n,SA[+1]
Mordvin,1p,1,t,[]S
Mordvin,1p,2,n,SA[+1]
Mordvin,1p,3,e,S[-3 +pl]
Mordvin,2s,1,t,[]S
Mordvin,2p,1,t,[]S
Mordvin,2p,2,d,S[+2 +pl]
Mordvin,2p,3,e,S[-3 +pl]
Mordvin,3s,1,i,S[+3]
Mordvin,3p,1,i,S[+3]
Mordvin,3p,2,t,[]S
Mordvin,1s->2s,1,t,P[+2 +sg]
Mordvin,1s->2s,2,n,SA[+1]
Mordvin,1s->2p,1,ttiz,P[+2]
Mordvin,1s->3s,1,sa,[+1 +sg]A->P[+3 +sg]
Mordvin,1s->3p,1,siz,P[+3]
Mordvin,1s->3p,2,n,SA[+1]
Mordvin,1p->2s,1,ttiz,P[+2]
Mordvin,1p->2p,1,ttiz,P[+2]
Mordvin,1p->3s,1,siz,P[+3]
Mordvin,1p->3s,2,n,SA[+1]
Mordvin,1p->3s,3,ek,A[+1 +pl]
Mordvin,1p->3p,1,siz,P[+3]
Mordvin,1p->3p,2,n,SA[+1]
Mordvin,1p->3p,3,ek,A[+1 +pl]
Mordvin,2s->1s,1,smk,[+2 +sg]A->P[+1 +sg]
Mordvin,2s->1p,1,smiz,P[+1]
Mordvin,2s->3s,1,sk,[+2 +sg]A->P[+3 +sg]
Mordvin,2s->3p,1,siz,P[+3]
Mordvin,2s->3p,2,t,[+2 +sg]AP1<->AP2[+3]
Mordvin,2p->1s,1,smiz,P[+1]
Mordvin,2p->1p,1,smiz,P[+1]
Mordvin,2p->3s,1,siz,P[+3]
Mordvin,2p->3s,2,nk,[+2 +pl]A->P[+3]
Mordvin,2p->3p,1,siz,P[+3]
Mordvin,2p->3p,2,nk,[+2 +pl]A->P[+3]
Mordvin,3s->1s,1,smm,[+3 +sg]A->P[+1 +sg]
Mordvin,3s->1p,1,smiz,P[+1]
Mordvin,3s->2s,1,t,[+2 +sg]AP1<->AP2[+3]
Mordvin,3s->2s,2,nze,[+3 +sg]A->P[-1]
Mordvin,3s->2s,3,t,P[+2 +sg]
Mordvin,3s->2p,1,ttiz,P[+2]
Mordvin,3s->3s,1,si,[+3 +sg]A->P[+3 +sg]
Mordvin,3s->3p,1,siz,P[+3]
Mordvin,3s->3p,2,nze,[+3 +sg]A->P[-1]
Mordvin,3p->1s,1,smiz,P[+1]
Mordvin,3p->1p,1,smiz,P[+1]
Mordvin,3p->2s,1,ttiz,P[+2]
Mordvin,3p->2p,1,ttiz,P[+2]
Mordvin,3p->3s,1,siz,P[+3]
Mordvin,3p->3p,1,siz,P[+3]
Nocte,1s,1,ə,S[+1]
Nocte,1s,2,ŋ,SA[+1 +sg]
Nocte,1p,1,ə,S[+1]
Nocte,2s,1,ɔʔ,SA[+2 +sg]
Nocte,2p,1,ən,SA[+2 +pl]
Nocte,3s,1,a,S[+3]
Nocte,3p,1,a,S[+3]
Nocte,1s->2s,1,`ə,A[+1]
Nocte,1s->2p,1,`ə,A[+1]
Nocte,1s->3s,1,`ə,A[+1]
Nocte,1s->3s,2,ŋ,SA[+1 +sg]
Nocte,1s->3p,1,`ə,A[+1]
Nocte,1s->3p,2,ŋ,SA[+1 +sg]
Nocte,1p->2s,1,`ə,A[+1]
Nocte,1p->2p,1,`ə,A[+1]
Nocte,1p->3s,1,`ə,A[+1]
Nocte,1p->3p,1,`ə,A[+1]
Nocte,2s->1s,1,həŋ,P[+1]
Nocte,2s->1p,1,həŋ,P[+1]
Nocte,2s->3s,1,ɔʔ,SA[+2 +sg]
Nocte,2s->3p,1,ɔʔ,SA[+2 +sg]
Nocte,2p->1s,1,hɛʔ,[+2 +pl]A->P[+1]
Nocte,2p->1p,1,hɛʔ,[+2 +pl]A->P[+1]
Nocte,2p->3s,1,ən,SA[+2 +pl]
Nocte,2p->3p,1,ən,SA[+2 +pl]
Nocte,3s->1s,1,həŋ,P[+1]
Nocte,3s->1p,1,həŋ,P[+1]
Nocte,3s->2s,1,hɔʔ,P[+2]
Nocte,3s->2p,1,hɔʔ,P[+2]
Nocte,3s->3s,1,a,[+3]A->P[+3]
Nocte,3s->3p,1,a,[+3]A->P[+3]
Nocte,3p->1s,1,həŋ,P[+1]
Nocte,3p->1p,1,həŋ,P[+1]
Nocte,3p->2s,1,hɔʔ,P[+2]
Nocte,3p->2p,1,hɔʔ,P[+2]
Nocte,3p->3s,1,a,[+3]A->P[+3]
Nocte,3p->3p,1,a,[+3]A->P[+3]
Quechua (Ayacucho),1s,1,n,[]E
Quechua (Ayacucho),1s,2,i,SA[+1 -2]
Quechua (Ayacucho),1pe,1,n,[]E
Quechua (Ayacucho),1pe,2,i,SA[+1 -2]
Quechua (Ayacucho),1pe,3,ku,SAP[-2 +pl]
Quechua (Ayacucho),1pi,1,n,[]E
Quechua (Ayacucho),1pi,2,cis,SAP[+2 +pl]
Quechua (Ayacucho),2s,1,n,[]E
Quechua (Ayacucho),2s,2,ki,SAP[-1 +2]
Quechua (Ayacucho),2p,1,n,[]E
Quechua (Ayacucho),2p,2,ki,SAP[-1 +2]
Quechua (Ayacucho),2p,3,cis,SAP[+2 +pl]
Quechua (Ayacucho),3s,1,n,[]E
Quechua (Ayacucho),3p,1,n,[]E
Quechua (Ayacucho),3p,2,ku,SAP[-2 +pl]
Quechua (Ayacucho),1s->2s,1,yki,[+1 -2]A->P[-1 +2]
Quechua (Ayacucho),1s->2p,1,yki,[+1 -2]A->P[-1 +2]
Quechua (Ayacucho),1s->2p,2,cis,SAP[+2 +pl]
Quechua (Ayacucho),1s->3s,1,n,[]E
Quechua (Ayacucho),1s->3s,2,i,SA[+1 -2]
Quechua (Ayacucho),1s->3p,1,n,[]E
Quechua (Ayacucho),1s->3p,2,i,SA[+1 -2]
Quechua (Ayacucho),1pe->2s,1,yki,[+1 -2]A->P[-1 +2]
Quechua (Ayacucho),1pe->2s,2,ku,SAP[-2 +pl]
Quechua (Ayacucho),1pe->2p,1,yki,[+1 -2]A->P[-1 +2]
Quechua (Ayacucho),1pe->2p,2,cis,SAP[+2 +pl]
Quechua (Ayacucho),1pe->3s,1,n,[]E
Quechua (Ayacucho),1pe->3s,2,i,SA[+1 -2]
Quechua (Ayacucho),1pe->3s,3,ku,SAP[-2 +pl]
Quechua (Ayacucho),1pe->3p,1,n,[]E
Quechua (Ayacucho),1pe->3p,2,i,SA[+1 -2]
Quechua (Ayacucho),1pe->3p,3,ku,SAP[-2 +pl]
Quechua (Ayacucho),1pi->3s,1,n,[]E
Quechua (Ayacucho),1pi->3s,2,cis,SAP[+2 +pl]
Quechua (Ayacucho),1pi->3p,1,n,[]E
Quechua (Ayacucho),1pi->3p,2,cis,SAP[+2 +pl]
Quechua (Ayacucho),2s->1s,1,wa,P[+1]
Quechua (Ayacucho),2s->1s,2,n,[]E
Quechua (Ayacucho),2s->1s,3,ki,SAP[-1 +2]
Quechua (Ayacucho),2s->1pe,1,wa,P[+1]
Quechua (Ayacucho),2s->1pe,2,n,[]E
Quechua (Ayacucho),2s->1pe,3,ki,SAP[-1 +2]
Quechua (Ayacucho),2s->1pe,4,ku,SAP[-2 +pl]
Quechua (Ayacucho),2s->3s,1,n,[]E
Quechua (Ayacucho),2s->3s,2,ki,SAP[-1 +2]
Quechua (Ayacucho),2s->3p,1,n,[]E
Quechua (Ayacucho),2s->3p,2,ki,SAP[-1 +2]
Quechua (Ayacucho),2p->1s,1,wa,P[+1]
Quechua (Ayacucho),2p->1s,2,n,[]E
Quechua (Ayacucho),2p->1s,3,ki,SAP[-1 +2]
Quechua (Ayacucho),2p->1s,4,cis,SAP[+2 +pl]
Quechua (Ayacucho),2p->1pe,1,wa,P[+1]
Quechua (Ayacucho),2p->1pe,2,n,[]E
Quechua (Ayacucho),2p->1pe,3,ki,SAP[-1 +2]
Quechua (Ayacucho),2p->1pe,4,ku,SAP[-2 +pl]
Quechua (Ayacucho),2p->3s,1,n,[]E
Quechua (Ayacucho),2p->3s,2,ki,SAP[-1 +2]
Quechua (Ayacucho),2p->3s,3,cis,SAP[+2 +pl]
Quechua (Ayacucho),2p->3p,1,n,[]E
Quechua (Ayacucho),2p->3p,2,ki,SAP[-1 +2]
Quechua (Ayacucho),2p->3p,3,cis,SAP[+2 +pl]
Quechua (Ayacucho),3s->1s,1,wa,P[+1]
Quechua (Ayacucho),3s->1s,2,n,[]E
Quechua (Ayacucho),3s->1pe,1,wa,P[+1]
Quechua (Ayacucho),3s->1pe,2,n,[]E
Quechua (Ayacucho),3s->1pe,3,ku,SAP[-2 +pl]
Quechua (Ayacucho),3s->1pi,1,wa,P[+1]
Quechua (Ayacucho),3s->1pi,2,n,[]E
Quechua (Ayacucho),3s->1pi,3,cis,SAP[+2 +pl]
Quechua (Ayacucho),3s->2s,1,su,[+3]A->P[-1 +2]
Quechua (Ayacucho),3s->2s,2,n,[]E
Quechua (Ayacucho),3s->2s,3,ki,SAP[-1 +2]
Quechua (Ayacucho),3s->2p,1,su,[+3]A->P[-1 +2]
Quechua (Ayacucho),3s->2p,2,n,[]E
Quechua (Ayacucho),3s->2p,3,ki,SAP[-1 +2]
Quechua (Ayacucho),3s->2p,4,cis,SAP[+2 +pl]
Quechua (Ayacucho),3s->3s,1,n,[]E
Quechua (Ayacucho),3s->3p,1,n,[]E
Quechua (Ayacucho),3p->1s,1,wa,P[+1]
Quechua (Ayacucho),3p->1s,2,n,[]E
Quechua (Ayacucho),3p->1s,3,ku,SAP[-2 +pl]
Quechua (Ayacucho),3p->1pe,1,wa,P[+1]
Quechua (Ayacucho),3p->1pe,2,n,[]E
Quechua (Ayacucho),3p->1pe,3,ku,SAP[-2 +pl]
Quechua (Ayacucho),3p->1pi,1,wa,P[+1]
Quechua (Ayacucho),3p->1pi,2,n,[]E
Quechua (Ayacucho),3p->1pi,3,cis,SAP[+2 +pl]
Quechua (Ayacucho),3p->2s,1,su,[+3]A->P[-1 +2]
Quechua (Ayacucho),3p->2s,2,n,[]E
Quechua (Ayacucho),3p->2s,3,ki,SAP[-1 +2]
Quechua (Ayacucho),3p->2s,4,ku,SAP[-2 +pl]
Quechua (Ayacucho),3p->2p,1,su,[+3]A->P[-1 +2]
Quechua (Ayacucho),3p->2p,2,n,[]E
Quechua (Ayacucho),3p->2p,3,ki,SAP[-1 +2]
Quechua (Ayacucho),3p->2p,4,cis,SAP[+2 +pl]
Quechua (Ayacucho),3p->3s,1,n,[]E
Quechua (Ayacucho),3p->3s,2,ku,SAP[-2 +pl]
Quechua (Ayacucho),3p->3p,1,n,[]E
Quechua (Ayacucho),3p->3p,2,ku,SAP[-2 +pl]
Reyesano,1s,-1,m,SAP[+1 +sg]
Reyesano,1p,-1,k,SAP[-3 +pl]
Reyesano,2s,-1,mi,SAP[+2]
Reyesano,2p,-2,mi,SAP[+2]
Reyesano,2p,-1,k,SAP[-3 +pl]
Reyesano,3p,1,ta,SA[+3]
Reyesano,1s->2s,-1,mi,SAP[+2]
Reyesano,1s->2p,-2,mi,SAP[+2]
Reyesano,1s->2p,-1,k,SAP[-3 +pl]
Reyesano,1s->3s,-1,m,SAP[+1 +sg]
Reyesano,1s->3p,-1,m,SAP[+1 +sg]
Reyesano,1p->2s,-1,mi,SAP[+2]
Reyesano,1p->2p,-2,mi,SAP[+2]
Reyesano,1p->2p,-1,k,SAP[-3 +pl]
Reyesano,1p->3s,-1,k,SAP[-3 +pl]
Reyesano,1p->3p,-1,k,SAP[-3 +pl]
Reyesano,2s->1s,-1,mi,SAP[+2]
Reyesano,2s->1p,-1,mi,SAP[+2]
Reyesano,2s->3s,-1,mi,SAP[+2]
Reyesano,2s->3p,-1,mi,SAP[+2]
Reyesano,2p->1s,-2,mi,SAP[+2]
Reyesano,2p->1s,-1,k,SAP[-3 +pl]
Reyesano,2p->1p,-2,mi,SAP[+2]
Reyesano,2p->1p,-1,k,SAP[-3 +pl]
Reyesano,2p->3s,-2,mi,SAP[+2]
Reyesano,2p->3s,-1,k,SAP[-3 +pl]
Reyesano,2p->3p,-2,mi,SAP[+2]
Reyesano,2p->3p,-1,k,SAP[-3 +pl]
Reyesano,3s->1s,-1,m,SAP[+1 +sg]
Reyesano,3s->1s,1,ta,SA[+3]
Reyesano,3s->1p,-1,k,SAP[-3 +pl]
Reyesano,3s->1p,1,ta,SA[+3]
Reyesano,3s->2s,-1,mi,SAP[+2]
Reyesano,3s->2s,1,ta,SA[+3]
Reyesano,3s->2p,-2,mi,SAP[+2]
Reyesano,3s->2p,-1,k,SAP[-3 +pl]
Reyesano,3s->2p,1,ta,SA[+3]
Reyesano,3s->3s,1,ta,SA[+3]
Reyesano,3s->3p,1,ta,SA[+3]
Reyesano,3p->1s,-1,m,SAP[+1 +sg]
Reyesano,3p->1s,1,ta,SA[+3]
Reyesano,3p->1p,-1,k,SAP[-3 +pl]
Reyesano,3p->1p,1,ta,SA[+3]
Reyesano,3p->2s,-1,mi,SAP[+2]
Reyesano,3p->2s,1,ta,SA[+3]
Reyesano,3p->2p,-2,mi,SAP[+2]
Reyesano,3p->2p,-1,k,SAP[-3 +pl]
Reyesano,3p->2p,1,ta,SA[+3]
Reyesano,3p->3s,1,ta,SA[+3]
Reyesano,3p->3p,1,ta,SA[+3]
Sahu,1s,-1,to,SA[+1 +sg]
Sahu,1pe,-1,mi,SA[+1 -2 +pl]
Sahu,1pi,-2,w,SA[+1 +2]
Sahu,1pi,-1,o,SA[+2]
Sahu,2s,-2,n,S[+2 +sg]
Sahu,2s,-1,o,SA[+2]
Sahu,2p,-1,ni,SAP[-1 +2]
Sahu,3s.m,-1,o,S[+sg +masc]
Sahu,3s.f,-1,mo,SA[+sg +fem]
Sahu,3s.n,-1,i,S[-fem]
Sahu,3p.m,-3,a,SAP[+3]
Sahu,3p.m,-2,'d,S[+pl +masc]
Sahu,3p.m,-1,i,S[-fem]
Sahu,3p.f,-2,a,SAP[+3]
Sahu,3p.f,-1,'du,S[+pl +fem]
Sahu,3p.n,-1,i,S[-fem]
Sahu,1s->2s,-2,to,SA[+1 +sg]
Sahu,1s->2s,-1,ni,SAP[-1 +2]
Sahu,1s->2p,-3,to,SA[+1 +sg]
Sahu,1s->2p,-2,n,AP[+2]
Sahu,1s->2p,-1,u,P[-3 +pl]
Sahu,1s->3s.m,-2,to,SA[+1 +sg]
Sahu,1s->3s.m,-1,u,AP[+sg +masc]
Sahu,1s->3s.f,-2,to,SA[+1 +sg]
Sahu,1s->3s.f,-1,mi,P[+sg -masc]
Sahu,1s->3s.n,-2,to,SA[+1 +sg]
Sahu,1s->3s.n,-1,a,SAP[+3]
Sahu,1s->3p.m,-3,to,SA[+1 +sg]
Sahu,1s->3p.m,-2,a,SAP[+3]
Sahu,1s->3p.m,-1,ʔu,P[-2 +pl]
Sahu,1s->3p.f,-3,to,SA[+1 +sg]
Sahu,1s->3p.f,-2,a,SAP[+3]
Sahu,1s->3p.f,-1,ʔu,P[-2 +pl]
Sahu,1s->3p.n,-2,to,SA[+1 +sg]
Sahu,1s->3p.n,-1,a,SAP[+3]
Sahu,1pe->2s,-2,mi,SA[+1 -2 +pl]
Sahu,1pe->2s,-1,ni,SAP[-1 +2]
Sahu,1pe->2p,-3,mi,SA[+1 -2 +pl]
Sahu,1pe->2p,-2,n,AP[+2]
Sahu,1pe->2p,-1,u,P[-3 +pl]
Sahu,1pe->3s.m,-2,mi,SA[+1 -2 +pl]
Sahu,1pe->3s.m,-1,u,AP[+sg +masc]
Sahu,1pe->3s.f,-2,mi,P[+sg -masc]
Sahu,1pe->3s.f,-1,mi,SA[+1 -2 +pl]
Sahu,1pe->3s.n,-2,mi,P[+sg -masc]
Sahu,1pe->3s.n,-1,a,SAP[+3]
Sahu,1pe->3p.m,-3,mi,SA[+1 -2 +pl]
Sahu,1pe->3p.m,-2,a,SAP[+3]
Sahu,1pe->3p.m,-1,ʔu,P[-2 +pl]
Sahu,1pe->3p.f,-3,mi,SA[+1 -2 +pl]
Sahu,1pe->3p.f,-2,a,SAP[+3]
Sahu,1pe->3p.f,-1,ʔu,P[-2 +pl]
Sahu,1pe->3p.n,-2,mi,SA[+1 -2 +pl]
Sahu,1pe->3p.n,-1,a,SAP[+3]
Sahu,1pi->3s.m,-3,w,SA[+1 +2]
Sahu,1pi->3s.m,-2,o,SA[+2]
Sahu,1pi->3s.m,-1,u,AP[+sg +masc]
Sahu,1pi->3s.f,-3,w,SA[+1 +2]
Sahu,1pi->3s.f,-2,o,SA[+2]
Sahu,1pi->3s.f,-1,mi,P[+sg -masc]
Sahu,1pi->3s.n,-3,w,SA[+1 +2]
Sahu,1pi->3s.n,-2,o,SA[+2]
Sahu,1pi->3s.n,-1,a,SAP[+3]
Sahu,1pi->3p.m,-4,w,SA[+1 +2]
Sahu,1pi->3p.m,-3,o,SA[+2]
Sahu,1pi->3p.m,-2,a,SAP[+3]
Sahu,1pi->3p.m,-1,ʔu,P[-2 +pl]
Sahu,1pi->3p.f,-4,w,SA[+1 +2]
Sahu,1pi->3p.f,-3,o,SA[+2]
Sahu,1pi->3p.f,-2,a,SAP[+3]
Sahu,1pi->3p.f,-1,ʔu,P[-2 +pl]
Sahu,1pi->3p.n,-3,w,SA[+1 +2]
Sahu,1pi->3p.n,-2,o,SA[+2]
Sahu,1pi->3p.n,-1,a,SAP[+3]
Sahu,2s->1s,-3,n,AP[+2]
Sahu,2s->1s,-2,o,SA[+2]
Sahu,2s->1s,-1,ri,P[+1 +sg]
Sahu,2s->1pe,-5,n,AP[+2]
Sahu,2s->1pe,-4,o,SA[+2]
Sahu,2s->1pe,-3,m,P[+1 -2 +pl]
Sahu,2s->1pe,-2,u,P[-3 +pl]
Sahu,2s->1pe,-1,ʔu,P[-2 +pl]
Sahu,2s->3s.m,-3,n,AP[+2]
Sahu,2s->3s.m,-2,o,SA[+2]
Sahu,2s->3s.m,-1,u,AP[+sg +masc]
Sahu,2s->3s.f,-3,n,AP[+2]
Sahu,2s->3s.f,-2,o,SA[+2]
Sahu,2s->3s.f,-1,mi,P[+sg -masc]
Sahu,2s->3s.n,-3,n,AP[+2]
Sahu,2s->3s.n,-2,o,SA[+2]
Sahu,2s->3s.n,-1,a,SAP[+3]
Sahu,2s->3p.m,-4,n,AP[+2]
Sahu,2s->3p.m,-3,o,SA[+2]
Sahu,2s->3p.m,-2,a,SAP[+3]
Sahu,2s->3p.m,-1,ʔu,P[-2 +pl]
Sahu,2s->3p.f,-4,n,AP[+2]
Sahu,2s->3p.f,-3,o,SA[+2]
Sahu,2s->3p.f,-2,a,SAP[+3]
Sahu,2s->3p.f,-1,ʔu,P[-2 +pl]
Sahu,2s->3p.n,-3,n,AP[+2]
Sahu,2s->3p.n,-2,o,SA[+2]
Sahu,2s->3p.n,-1,a,SAP[+3]
Sahu,2p->1s,-2,ni,SAP[-1 +2]
Sahu,2p->1s,-1,ri,P[+1 +sg]
Sahu,2p->1pe,-4,ni,SAP[-1 +2]
Sahu,2p->1pe,-3,m,P[+1 -2 +pl]
Sahu,2p->1pe,-2,u,P[-3 +pl]
Sahu,2p->1pe,-1,ʔu,P[-2 +pl]
Sahu,2p->3s.m,-2,ni,SAP[-1 +2]
Sahu,2p->3s.m,-1,u,AP[+sg +masc]
Sahu,2p->3s.f,-2,ni,SAP[-1 +2]
Sahu,2p->3s.f,-1,mi,P[+sg -masc]
Sahu,2p->3s.n,-2,ni,SAP[-1 +2]
Sahu,2p->3s.n,-1,a,SAP[+3]
Sahu,2p->3p.m,-3,ni,SAP[-1 +2]
Sahu,2p->3p.m,-2,a,SAP[+3]
Sahu,2p->3p.m,-1,ʔu,P[-2 +pl]
Sahu,2p->3p.f,-3,ni,SAP[-1 +2]
Sahu,2p->3p.f,-2,a,SAP[+3]
Sahu,2p->3p.f,-1,ʔu,P[-2 +pl]
Sahu,2p->3p.n,-2,ni,SAP[-1 +2]
Sahu,2p->3p.n,-1,a,SAP[+3]
Sahu,3s.m->1s,-1,ri,P[+1 +sg]
Sahu,3s.m->1pe,-3,m,P[+1 -2 +pl]
Sahu,3s.m->1pe,-2,u,AP[+sg +masc]
Sahu,3s.m->1pe,-1,ʔu,P[-2 +pl]
Sahu,3s.m->1pi,-2,n,AP[+2]
Sahu,3s.m->1pi,-1,a,SAP[+3]
Sahu,3s.m->2s,-1,ni,SAP[-1 +2]
Sahu,3s.m->2p,-2,n,AP[+2]
Sahu,3s.m->2p,-1,u,AP[+sg +masc]
Sahu,3s.m->3s.m,-1,u,AP[+sg +masc]
Sahu,3s.m->3s.f,-1,mi,P[+sg -masc]
Sahu,3s.m->3s.n,-1,a,SAP[+3]
Sahu,3s.m->3p.m,-2,a,SAP[+3]
Sahu,3s.m->3p.m,-1,ʔu,P[-2 +pl]
Sahu,3s.m->3p.f,-2,a,SAP[+3]
Sahu,3s.m->3p.f,-1,ʔu,P[-2 +pl]
Sahu,3s.m->3p.n,-1,a,SAP[+3]
Sahu,3s.f->1s,-2,mo,SA[+sg +fem]
Sahu,3s.f->1s,-1,ri,P[+1 +sg]
Sahu,3s.f->1pe,-4,mo,SA[+sg +fem]
Sahu,3s.f->1pe,-3,m,P[+1 -2 +pl]
Sahu,3s.f->1pe,-2,u,P[-3 +pl]
Sahu,3s.f->1pe,-1,ʔu,P[-2 +pl]
Sahu,3s.f->1pi,-3,mo,SA[+sg +fem]
Sahu,3s.f->1pi,-2,n,AP[+2]
Sahu,3s.f->1pi,-1,a,SAP[+3]
Sahu,3s.f->2s,-2,mo,SA[+sg +fem]
Sahu,3s.f->2s,-1,ni,SAP[-1 +2]
Sahu,3s.f->2p,-3,mo,SA[+sg +fem]
Sahu,3s.f->2p,-2,n,AP[+2]
Sahu,3s.f->2p,-1,u,P[-3 +pl]
Sahu,3s.f->3s.m,-2,mo,SA[+sg +fem]
Sahu,3s.f->3s.m,-1,u,AP[+sg +masc]
Sahu,3s.f->3s.f,-2,mo,SA[+sg +fem]
Sahu,3s.f->3s.f,-1,mi,P[+sg -masc]
Sahu,3s.f->3s.n,-2,mo,SA[+sg +fem]
Sahu,3s.f->3s.n,-1,a,SAP[+3]
Sahu,3s.f->3p.m,-3,mo,SA[+sg +fem]
Sahu,3s.f->3p.m,-2,a,SAP[+3]
Sahu,3s.f->3p.m,-1,ʔu,P[-2 +pl]
Sahu,3s.f->3p.f,-3,mo,SA[+sg +fem]
Sahu,3s.f->3p.f,-2,a,SAP[+3]
Sahu,3s.f->3p.f,-1,ʔu,P[-2 +pl]
Sahu,3s.f->3p.n,-2,mo,SA[+sg +fem]
Sahu,3s.f->3p.n,-1,a,SAP[+3]
Sahu,3s.n->1s,-1,ri,P[+1 +sg]
Sahu,3s.n->1pe,-3,m,P[+1 -2 +pl]
Sahu,3s.n->1pe,-2,u,P[-3 +pl]
Sahu,3s.n->1pe,-1,ʔu,P[-2 +pl]
Sahu,3s.n->1pi,-2,n,AP[+2]
Sahu,3s.n->1pi,-1,a,SAP[+3]
Sahu,3s.n->2s,-1,ni,SAP[-1 +2]
Sahu,3s.n->2p,-2,n,AP[+2]
Sahu,3s.n->2p,-1,u,P[-3 +pl]
Sahu,3s.n->3s.m,-1,u,AP[+sg +masc]
Sahu,3s.n->3s.f,-1,mi,P[+sg -masc]
Sahu,3s.n->3s.n,-1,a,SAP[+3]
Sahu,3s.n->3p.m,-2,a,SAP[+3]
Sahu,3s.n->3p.m,-1,ʔu,P[-2 +pl]
Sahu,3s.n->3p.f,-2,a,SAP[+3]
Sahu,3s.n->3p.f,-1,ʔu,P[-2 +pl]
Sahu,3s.n->3p.n,-1,a,SAP[+3]
Sahu,3p.m->1s,-1,ri,P[+1 +sg]
Sahu,3p.m->1pe,-3,m,P[+1 -2 +pl]
Sahu,3p.m->1pe,-2,u,P[-3 +pl]
Sahu,3p.m->1pe,-1,ʔu,P[-2 +pl]
Sahu,3p.m->1pi,-2,n,AP[+2]
Sahu,3p.m->1pi,-1,a,SAP[+3]
Sahu,3p.m->2s,-1,ni,SAP[-1 +2]
Sahu,3p.m->2p,-2,n,AP[+2]
Sahu,3p.m->2p,-1,u,P[-3 +pl]
Sahu,3p.m->3s.m,-1,u,AP[+sg +masc]
Sahu,3p.m->3s.f,-1,mi,P[+sg -masc]
Sahu,3p.m->3s.n,-1,a,SAP[+3]
Sahu,3p.m->3p.m,-2,a,SAP[+3]
Sahu,3p.m->3p.m,-1,ʔu,P[-2 +pl]
Sahu,3p.m->3p.f,-2,a,SAP[+3]
Sahu,3p.m->3p.f,-1,ʔu,P[-2 +pl]
Sahu,3p.m->3p.n,-1,a,SAP[+3]
Sahu,3p.f->1s,-1,ri,P[+1 +sg]
Sahu,3p.f->1pe,-3,m,P[+1 -2 +pl]
Sahu,3p.f->1pe,-2,u,P[-3 +pl]
Sahu,3p.f->1pe,-1,ʔu,P[-2 +pl]
Sahu,3p.f->1pi,-2,n,AP[+2]
Sahu,3p.f->1pi,-1,a,SAP[+3]
Sahu,3p.f->2s,-1,ni,SAP[-1 +2]
Sahu,3p.f->2p,-2,n,AP[+2]
Sahu,3p.f->2p,-1,u,P[-3 +pl]
Sahu,3p.f->3s.m,-1,u,AP[+sg +masc]
Sahu,3p.f->3s.f,-1,mi,P[+sg -masc]
Sahu,3p.f->3s.n,-1,a,SAP[+3]
Sahu,3p.f->3p.m,-2,a,SAP[+3]
Sahu,3p.f->3p.m,-1,ʔu,P[-2 +pl]
Sahu,3p.f->3p.f,-2,a,SAP[+3]
Sahu,3p.f->3p.f,-1,ʔu,P[-2 +pl]
Sahu,3p.f->3p.n,-1,a,SAP[+3]
Sahu,3p.n->1s,-1,ri,P[+1 +sg]
Sahu,3p.n->1pe,-3,m,P[+1 -2 +pl]
Sahu,3p.n->1pe,-2,u,P[-3 +pl]
Sahu,3p.n->1pe,-1,ʔu,P[-2 +pl]
Sahu,3p.n->1pi,-2,n,AP[+2]
Sahu,3p.n->1pi,-1,a,SAP[+3]
Sahu,3p.n->2s,-1,ni,SAP[-1 +2]
Sahu,3p.n->2p,-2,n,AP[+2]
Sahu,3p.n->2p,-1,u,P[-3 +pl]
Sahu,3p.n->3s.m,-1,u,AP[+sg +masc]
Sahu,3p.n->3s.f,-1,mi,P[+sg -masc]
Sahu,3p.n->3s.n,-1,a,SAP[+3]
Sahu,3p.n->3p.m,-2,a,SAP[+3]
Sahu,3p.n->3p.m,-1,ʔu,P[-2 +pl]
Sahu,3p.n->3p.f,-2,a,SAP[+3]
Sahu,3p.n->3p.f,-1,ʔu,P[-2 +pl]
Sahu,3p.n->3p.n,-1,a,SAP[+3]
Siuslawan,1s,1,n,SAP[+1]
Siuslawan,1de,1,aᵘx,SAP[-2 +du]
Siuslawan,1de,2,un,SAP[-2]
Siuslawan,1pe,1,nx,SAP[-du]
Siuslawan,1pe,2,an,SAP[+1 -2 +pl]
Siuslawan,1di,1,n,SAP[+1]
Siuslawan,1di,2,s,SAP[+1 +2 +du]
Siuslawan,1pi,1,n,SAP[+1]
Siuslawan,1pi,2,ɬ,SAP[+1 +2 +pl]
Siuslawan,2s,1,nx,SAP[-du]
Siuslawan,2d,1,ts,SAP[-1 +2 +du]
Siuslawan,2p,1,tci,SAP[-1 +2 +pl]
Siuslawan,3d,1,aᵘx,SAP[-2 +du]
Siuslawan,3p,1,nx,SAP[-du]
Siuslawan,1s->2s,1,uts,P[-3]
Siuslawan,1s->2s,2,nx,SAP[-du]
Siuslawan,1s->2d,1,uts,P[-3]
Siuslawan,1s->2d,2,ts,SAP[-1 +2 +du]
Siuslawan,1s->2d,3,n,SAP[+1]
Siuslawan,1s->2p,1,uts,P[-3]
Siuslawan,1s->2p,2,tci,SAP[-1 +2 +pl]
Siuslawan,1s->2p,3,n,SAP[+1]
Siuslawan,1s->3s,1,un,SAP[-2]
Siuslawan,1s->3d,1,un,SAP[-2]
Siuslawan,1s->3d,2,aᵘx,SAP[-2 +du]
Siuslawan,1s->3d,3,n,SAP[+1]
Siuslawan,1s->3p,1,un,SAP[-2]
Siuslawan,1s->3p,2,nx,SAP[-du]
Siuslawan,1s->3p,3,n,SAP[+1]
Siuslawan,1de->2s,1,uts,P[-3]
Siuslawan,1de->2s,2,aᵘx,SAP[-2 +du]
Siuslawan,1de->2s,3,un,SAP[-2]
Siuslawan,1de->2d,1,uts,P[-3]
Siuslawan,1de->2d,2,ts,SAP[-1 +2 +du]
Siuslawan,1de->2d,3,aᵘx,SAP[-2 +du]
Siuslawan,1de->2d,4,un,SAP[-2]
Siuslawan,1de->2p,1,uts,P[-3]
Siuslawan,1de->2p,2,tci,SAP[-1 +2 +pl]
Siuslawan,1de->2p,3,aᵘx,SAP[-2 +du]
Siuslawan,1de->2p,4,un,SAP[-2]
Siuslawan,1de->3s,1,u,[+1 -2 +du]A->P[+3]
Siuslawan,1de->3s,2,n,SAP[+1]
Siuslawan,1de->3s,3,aᵘx,SAP[-2 +du]
Siuslawan,1de->3s,4,un,SAP[-2]
Siuslawan,1de->3d,1,u,[+1 -2 +du]A->P[+3]
Siuslawan,1de->3d,2,n,SAP[+1]
Siuslawan,1de->3d,3,aᵘx,[+1 -2 +du]AP1<->AP2[+3 +du]
Siuslawan,1de->3d,4,aᵘx,SAP[-2 +du]
Siuslawan,1de->3d,5,un,SAP[-2]
Siuslawan,1de->3p,1,u,[+1 -2 +du]A->P[+3]
Siuslawan,1de->3p,2,n,SAP[+1]
Siuslawan,1de->3p,3,nx,SAP[-du]
Siuslawan,1de->3p,4,aᵘx,SAP[-2 +du]
Siuslawan,1de->3p,5,un,SAP[-2]
Siuslawan,1pe->2s,1,uts,P[-3]
Siuslawan,1pe->2s,2,nx,SAP[-du]
Siuslawan,1pe->2s,3,an,SAP[+1 -2 +pl]
Siuslawan,1pe->2d,1,uts,P[-3]
Siuslawan,1pe->2d,2,ts,SAP[-1 +2 +du]
Siuslawan,1pe->2d,3,nx,SAP[-du]
Siuslawan,1pe->2d,4,an,SAP[+1 -2 +pl]
Siuslawan,1pe->2p,1,uts,P[-3]
Siuslawan,1pe->2p,2,tci,SAP[-1 +2 +pl]
Siuslawan,1pe->2p,3,nx,SAP[-du]
Siuslawan,1pe->2p,4,an,SAP[+1 -2 +pl]
Siuslawan,1pe->3s,1,un,SAP[-2]
Siuslawan,1pe->3s,2,nx,SAP[-du]
Siuslawan,1pe->3s,3,an,SAP[+1 -2 +pl]
Siuslawan,1pe->3d,1,un,SAP[-2]
Siuslawan,1pe->3d,2,aᵘx,SAP[-2 +du]
Siuslawan,1pe->3d,3,nx,SAP[-du]
Siuslawan,1pe->3d,4,an,SAP[+1 -2 +pl]
Siuslawan,1pe->3p,1,un,SAP[-2]
Siuslawan,1pe->3p,2,nx,SAP[-du]
Siuslawan,1pe->3p,3,n,SAP[+1]
Siuslawan,1pe->3p,4,x,[+1 -2 +pl]A->P[+3 +pl]
Siuslawan,1pe->3p,5,an,SAP[+1 -2 +pl]
Siuslawan,1di->3s,1,un,SAP[-2]
Siuslawan,1di->3s,2,n,SAP[+1]
Siuslawan,1di->3s,3,s,SAP[+1 +2 +du]
Siuslawan,1di->3d,1,un,SAP[-2]
Siuslawan,1di->3d,2,aᵘx,SAP[-2 +du]
Siuslawan,1di->3d,3,n,SAP[+1]
Siuslawan,1di->3d,4,s,SAP[+1 +2 +du]
Siuslawan,1di->3p,1,un,SAP[-2]
Siuslawan,1di->3p,2,nx,SAP[-du]
Siuslawan,1di->3p,3,n,SAP[+1]
Siuslawan,1di->3p,4,s,SAP[+1 +2 +du]
Siuslawan,1pi->3s,1,un,SAP[-2]
Siuslawan,1pi->3s,2,n,SAP[+1]
Siuslawan,1pi->3s,3,ɬ,SAP[+1 +2 +pl]
Siuslawan,1pi->3d,1,un,SAP[-2]
Siuslawan,1pi->3d,2,aᵘx,SAP[-2 +du]
Siuslawan,1pi->3d,3,n,SAP[+1]
Siuslawan,1pi->3d,4,ɬ,SAP[+1 +2 +pl]
Siuslawan,1pi->3p,1,un,SAP[-2]
Siuslawan,1pi->3p,2,nx,SAP[-du]
Siuslawan,1pi->3p,3,n,SAP[+1]
Siuslawan,1pi->3p,4,ɬ,SAP[+1 +2 +pl]
Siuslawan,2s->1s,1,uts,P[-3]
Siuslawan,2s->1s,2,nx,SAP[-du]
Siuslawan,2s->1de,1,uts,P[-3]
Siuslawan,2s->1de,2,aᵘx,SAP[-2 +du]
Siuslawan,2s->1de,3,un,SAP[-2]
Siuslawan,2s->1de,4,nx,SAP[-du]
Siuslawan,2s->1pe,1,uts,P[-3]
Siuslawan,2s->1pe,2,n,SAP[+1]
Siuslawan,2s->1pe,3,x,[-1 -du]A->P[-2 +pl]
Siuslawan,2s->1pe,4,an,SAP[+1 -2 +pl]
Siuslawan,2s->1pe,5,nx,SAP[-du]
Siuslawan,2s->3s,1,un,SAP[-2]
Siuslawan,2s->3s,2,nx,SAP[-du]
Siuslawan,2s->3d,1,un,SAP[-2]
Siuslawan,2s->3d,2,aᵘx,SAP[-2 +du]
Siuslawan,2s->3d,3,nx,SAP[-du]
Siuslawan,2s->3p,1,un,SAP[-2]
Siuslawan,2s->3p,2,n,[-1 -du]A->P[+3 +pl]
Siuslawan,2s->3p,3,x,[-1 -du]A->P[-2 +pl]
Siuslawan,2s->3p,4,nx,SAP[-du]
Siuslawan,2d->1s,1,uts,P[-3]
Siuslawan,2d->1s,2,ts,SAP[-1 +2 +du]
Siuslawan,2d->1de,1,uts,P[-3]
Siuslawan,2d->1de,2,aᵘx,SAP[-2 +du]
Siuslawan,2d->1de,3,un,SAP[-2]
Siuslawan,2d->1de,4,ts,SAP[-1 +2 +du]
Siuslawan,2d->1pe,1,uts,P[-3]
Siuslawan,2d->1pe,2,nx,SAP[-du]
Siuslawan,2d->1pe,3,an,SAP[+1 -2 +pl]
Siuslawan,2d->1pe,4,ts,SAP[-1 +2 +du]
Siuslawan,2d->3s,1,un,SAP[-2]
Siuslawan,2d->3s,2,ts,SAP[-1 +2 +du]
Siuslawan,2d->3d,1,un,SAP[-2]
Siuslawan,2d->3d,2,aᵘx,SAP[-2 +du]
Siuslawan,2d->3d,3,ts,SAP[-1 +2 +du]
Siuslawan,2d->3p,1,un,SAP[-2]
Siuslawan,2d->3p,2,nx,SAP[-du]
Siuslawan,2d->3p,3,ts,SAP[-1 +2 +du]
Siuslawan,2p->1s,1,uts,P[-3]
Siuslawan,2p->1s,2,tci,SAP[-1 +2 +pl]
Siuslawan,2p->1de,1,uts,P[-3]
Siuslawan,2p->1de,2,aᵘx,SAP[-2 +du]
Siuslawan,2p->1de,3,un,SAP[-2]
Siuslawan,2p->1de,4,tci,SAP[-1 +2 +pl]
Siuslawan,2p->1pe,1,uts,P[-3]
Siuslawan,2p->1pe,2,nx,SAP[-du]
Siuslawan,2p->1pe,3,an,SAP[+1 -2 +pl]
Siuslawan,2p->1pe,4,tci,SAP[-1 +2 +pl]
Siuslawan,2p->3s,1,un,SAP[-2]
Siuslawan,2p->3s,2,tci,SAP[-1 +2 +pl]
Siuslawan,2p->3d,1,un,SAP[-2]
Siuslawan,2p->3d,2,aᵘx,SAP[-2 +du]
Siuslawan,2p->3d,3,tci,SAP[-1 +2 +pl]
Siuslawan,2p->3p,1,un,SAP[-2]
Siuslawan,2p->3p,2,nx,SAP[-du]
Siuslawan,2p->3p,3,tci,SAP[-1 +2 +pl]
Siuslawan,3s->1s,1,uts,P[-3]
Siuslawan,3s->1s,2,n,SAP[+1]
Siuslawan,3s->1de,1,uts,P[-3]
Siuslawan,3s->1de,2,aᵘx,SAP[-2 +du]
Siuslawan,3s->1de,3,un,SAP[-2]
Siuslawan,3s->1pe,1,uts,P[-3]
Siuslawan,3s->1pe,2,nx,SAP[-du]
Siuslawan,3s->1pe,3,an,SAP[+1 -2 +pl]
Siuslawan,3s->1di,1,uts,P[-3]
Siuslawan,3s->1di,2,n,SAP[+1]
Siuslawan,3s->1di,3,s,SAP[+1 +2 +du]
Siuslawan,3s->1pi,1,uts,P[-3]
Siuslawan,3s->1pi,2,n,SAP[+1]
Siuslawan,3s->1pi,3,ɬ,SAP[+1 +2 +pl]
Siuslawan,3s->2s,1,uts,P[-3]
Siuslawan,3s->2s,2,nx,SAP[-du]
Siuslawan,3s->2d,1,uts,P[-3]
Siuslawan,3s->2d,2,ts,SAP[-1 +2 +du]
Siuslawan,3s->2p,1,uts,P[-3]
Siuslawan,3s->2p,2,tci,SAP[-1 +2 +pl]
Siuslawan,3s->3s,1,un,SAP[-2]
Siuslawan,3s->3d,1,un,SAP[-2]
Siuslawan,3s->3d,2,aᵘx,SAP[-2 +du]
Siuslawan,3s->3p,1,un,SAP[-2]
Siuslawan,3s->3p,2,nx,SAP[-du]
Siuslawan,3d->1s,1,uts,P[-3]
Siuslawan,3d->1s,2,n,SAP[+1]
Siuslawan,3d->1s,3,aᵘx,SAP[-2 +du]
Siuslawan,3d->1de,1,uts,P[-3]
Siuslawan,3d->1de,2,aᵘx,[+1 -2 +du]AP1<->AP2[+3 +du]
Siuslawan,3d->1de,3,un,SAP[-2]
Siuslawan,3d->1de,4,aᵘx,SAP[-2 +du]
Siuslawan,3d->1pe,1,uts,P[-3]
Siuslawan,3d->1pe,2,nx,SAP[-du]
Siuslawan,3d->1pe,3,an,SAP[+1 -2 +pl]
Siuslawan,3d->1pe,4,aᵘx,SAP[-2 +du]
Siuslawan,3d->1di,1,uts,P[-3]
Siuslawan,3d->1di,2,n,SAP[+1]
Siuslawan,3d->1di,3,s,SAP[+1 +2 +du]
Siuslawan,3d->1di,4,aᵘx,SAP[-2 +du]
Siuslawan,3d->1pi,1,uts,P[-3]
Siuslawan,3d->1pi,2,n,SAP[+1]
Siuslawan,3d->1pi,3,ɬ,SAP[+1 +2 +pl]
Siuslawan,3d->1pi,4,aᵘx,SAP[-2 +du]
Siuslawan,3d->2s,1,uts,P[-3]
Siuslawan,3d->2s,2,nx,SAP[-du]
Siuslawan,3d->2s,3,aᵘx,SAP[-2 +du]
Siuslawan,3d->2d,1,uts,P[-3]
Siuslawan,3d->2d,2,ts,SAP[-1 +2 +du]
Siuslawan,3d->2d,3,aᵘx,SAP[-2 +du]
Siuslawan,3d->2p,1,uts,P[-3]
Siuslawan,3d->2p,2,tci,SAP[-1 +2 +pl]
Siuslawan,3d->2p,3,aᵘx,SAP[-2 +du]
Siuslawan,3d->3s,1,un,SAP[-2]
Siuslawan,3d->3s,2,aᵘx,SAP[-2 +du]
Siuslawan,3d->3d,1,un,SAP[-2]
Siuslawan,3d->3d,2,aᵘx,SAP[-2 +du]
Siuslawan,3d->3p,1,un,SAP[-2]
Siuslawan,3d->3p,2,nx,SAP[-du]
Siuslawan,3d->3p,3,aᵘx,SAP[-2 +du]
Siuslawan,3p->1s,1,uts,P[-3]
Siuslawan,3p->1s,2,nx,SAP[-du]
Siuslawan,3p->1s,3,n,SAP[+1]
Siuslawan,3p->1de,1,uts,P[-3]
Siuslawan,3p->1de,2,aᵘx,SAP[-2 +du]
Siuslawan,3p->1de,3,un,SAP[-2]
Siuslawan,3p->1de,4,nx,SAP[-du]
Siuslawan,3p->1pe,1,uts,P[-3]
Siuslawan,3p->1pe,2,n,SAP[+1]
Siuslawan,3p->1pe,3,x,[-1 -du]A->P[-2 +pl]
Siuslawan,3p->1pe,4,an,SAP[+1 -2 +pl]
Siuslawan,3p->1pe,5,nx,SAP[-du]
Siuslawan,3p->1di,1,uts,P[-3]
Siuslawan,3p->1di,2,n,SAP[+1]
Siuslawan,3p->1di,3,s,SAP[+1 +2 +du]
Siuslawan,3p->1di,4,nx,SAP[-du]
Siuslawan,3p->1pi,1,uts,P[-3]
Siuslawan,3p->1pi,2,n,SAP[+1]
Siuslawan,3p->1pi,3,ɬ,SAP[+1 +2 +pl]
Siuslawan,3p->1pi,4,nx,SAP[-du]
Siuslawan,3p->2s,1,uts,P[-3]
Siuslawan,3p->2s,2,nx,[+3 +pl]A->P[+2 +sg]
Siuslawan,3p->2s,3,nx,SAP[-du]
Siuslawan,3p->2d,1,uts,P[-3]
Siuslawan,3p->2d,2,ts,SAP[-1 +2 +du]
Siuslawan,3p->2d,3,nx,SAP[-du]
Siuslawan,3p->2p,1,uts,P[-3]
Siuslawan,3p->2p,2,tci,SAP[-1 +2 +pl]
Siuslawan,3p->2p,3,nx,SAP[-du]
Siuslawan,3p->3s,1,un,SAP[-2]
Siuslawan,3p->3s,2,nx,SAP[-du]
Siuslawan,3p->3d,1,un,SAP[-2]
Siuslawan,3p->3d,2,aᵘx,SAP[-2 +du]
Siuslawan,3p->3d,3,nx,SAP[-du]
Siuslawan,3p->3p,1,un,SAP[-2]
Siuslawan,3p->3p,2,n,[-1 -du]A->P[+3 +pl]
Siuslawan,3p->3p,3,x,[-1 -du]A->P[-2 +pl]
Siuslawan,3p->3p,4,nx,SAP[-du]
Tlachichilco Tepehuan,1s,-1,k,SAP[-2]
Tlachichilco Tepehuan,1pe,-1,k,SAP[-2]
Tlachichilco Tepehuan,1pe,1,w,SAP[-3 +pl]
Tlachichilco Tepehuan,1pi,1,w,SAP[-3 +pl]
Tlachichilco Tepehuan,2s,-1,',SA[-1 +2]
Tlachichilco Tepehuan,2s,1,ti,S[+2 +sg]
Tlachichilco Tepehuan,2p,-1,',SA[-1 +2]
Tlachichilco Tepehuan,2p,1,t'ik,SA[-1 +2 +pl]
Tlachichilco Tepehuan,3p,-1,ta,SA[+3]
Tlachichilco Tepehuan,1s->2s,-1,k,SAP[-2]
Tlachichilco Tepehuan,1s->2s,1,n,P[-3]
Tlachichilco Tepehuan,1s->2p,-3,k,SAP[-2]
Tlachichilco Tepehuan,1s->2p,-2,la,AP[+pl]
Tlachichilco Tepehuan,1s->2p,-1,ː,[-3 +pl]AP1<->AP2[-3]
Tlachichilco Tepehuan,1s->2p,1,w,SAP[-3 +pl]
Tlachichilco Tepehuan,1s->3s,-1,k,SAP[-2]
Tlachichilco Tepehuan,1s->3p,-3,k,SAP[-2]
Tlachichilco Tepehuan,1s->3p,-2,la,AP[+pl]
Tlachichilco Tepehuan,1s->3p,-1,k,[+1 -2]A->P[+3 +pl]
Tlachichilco Tepehuan,1pe->2s,-3,k,SAP[-2]
Tlachichilco Tepehuan,1pe->2s,-2,la,AP[+pl]
Tlachichilco Tepehuan,1pe->2s,-1,ː,[-3 +pl]AP1<->AP2[-3]
Tlachichilco Tepehuan,1pe->2s,1,w,SAP[-3 +pl]
Tlachichilco Tepehuan,1pe->2p,-3,k,SAP[-2]
Tlachichilco Tepehuan,1pe->2p,-2,la,AP[+pl]
Tlachichilco Tepehuan,1pe->2p,-1,ː,[-3 +pl]AP1<->AP2[-3]
Tlachichilco Tepehuan,1pe->2p,1,w,SAP[-3 +pl]
Tlachichilco Tepehuan,1pe->3s,-1,k,SAP[-2]
Tlachichilco Tepehuan,1pe->3s,1,w,SAP[-3 +pl]
Tlachichilco Tepehuan,1pe->3p,-3,k,SAP[-2]
Tlachichilco Tepehuan,1pe->3p,-2,la,AP[+pl]
Tlachichilco Tepehuan,1pe->3p,-1,k,[+1 -2]A->P[+3 +pl]
Tlachichilco Tepehuan,1pe->3p,1,w,SAP[-3 +pl]
Tlachichilco Tepehuan,1pi->3s,1,w,SAP[-3 +pl]
Tlachichilco Tepehuan,1pi->3p,-2,la,AP[+pl]
Tlachichilco Tepehuan,1pi->3p,-1,k,SAP[-2]
Tlachichilco Tepehuan,1pi->3p,1,w,SAP[-3 +pl]
Tlachichilco Tepehuan,2s->1s,-3,k,SAP[-2]
Tlachichilco Tepehuan,2s->1s,-2,in,P[+1]
Tlachichilco Tepehuan,2s->1s,-1,',SA[-1 +2]
Tlachichilco Tepehuan,2s->1pe,-4,k,SAP[-2]
Tlachichilco Tepehuan,2s->1pe,-3,i,[-1 +2]A->P[+1 -2]
Tlachichilco Tepehuan,2s->1pe,-2,la,AP[+pl]
Tlachichilco Tepehuan,2s->1pe,-1,ː,[-3 +pl]AP1<->AP2[-3]
Tlachichilco Tepehuan,2s->1pe,1,w,SAP[-3 +pl]
Tlachichilco Tepehuan,2s->3s,-1,',SA[-1 +2]
Tlachichilco Tepehuan,2s->3p,-3,la,AP[+pl]
Tlachichilco Tepehuan,2s->3p,-2,k,SAP[-2]
Tlachichilco Tepehuan,2s->3p,-1,',SA[-1 +2]
Tlachichilco Tepehuan,2p->1s,-4,k,SAP[-2]
Tlachichilco Tepehuan,2p->1s,-3,i,[-1 +2]A->P[+1 -2]
Tlachichilco Tepehuan,2p->1s,-2,la,AP[+pl]
Tlachichilco Tepehuan,2p->1s,-1,ː,[-3 +pl]AP1<->AP2[-3]
Tlachichilco Tepehuan,2p->1s,1,w,SAP[-3 +pl]
Tlachichilco Tepehuan,2p->1pe,-4,k,SAP[-2]
Tlachichilco Tepehuan,2p->1pe,-3,i,[-1 +2]A->P[+1 -2]
Tlachichilco Tepehuan,2p->1pe,-2,la,AP[+pl]
Tlachichilco Tepehuan,2p->1pe,-1,ː,[-3 +pl]AP1<->AP2[-3]
Tlachichilco Tepehuan,2p->1pe,1,w,SAP[-3 +pl]
Tlachichilco Tepehuan,2p->3s,1,t'ik,SA[-1 +2 +pl]
Tlachichilco Tepehuan,2p->3p,-2,la,AP[+pl]
Tlachichilco Tepehuan,2p->3p,-1,k,SAP[-2]
Tlachichilco Tepehuan,2p->3p,1,t'ik,SA[-1 +2 +pl]
Tlachichilco Tepehuan,3s->1s,-2,k,SAP[-2]
Tlachichilco Tepehuan,3s->1s,-1,in,P[+1]
Tlachichilco Tepehuan,3s->1pe,-3,k,SAP[-2]
Tlachichilco Tepehuan,3s->1pe,-2,in,P[+1]
Tlachichilco Tepehuan,3s->1pe,-1,ta,SA[+3]
Tlachichilco Tepehuan,3s->1pe,1,n,P[-3]
Tlachichilco Tepehuan,3s->1pi,-3,k,SAP[-2]
Tlachichilco Tepehuan,3s->1pi,-2,in,P[+1]
Tlachichilco Tepehuan,3s->1pi,-1,ta,SA[+3]
Tlachichilco Tepehuan,3s->1pi,1,n,P[-3]
Tlachichilco Tepehuan,3s->2s,1,n,P[-3]
Tlachichilco Tepehuan,3s->2p,-1,ta,SA[+3]
Tlachichilco Tepehuan,3s->2p,1,n,P[-3]
Tlachichilco Tepehuan,3s->3p,-2,la,AP[+pl]
Tlachichilco Tepehuan,3s->3p,-1,k,SAP[-2]
Tlachichilco Tepehuan,3p->1s,-3,k,SAP[-2]
Tlachichilco Tepehuan,3p->1s,-2,in,P[+1]
Tlachichilco Tepehuan,3p->1s,-1,ta,SA[+3]
Tlachichilco Tepehuan,3p->1pe,-3,k,SAP[-2]
Tlachichilco Tepehuan,3p->1pe,-2,in,P[+1]
Tlachichilco Tepehuan,3p->1pe,-1,ta,SA[+3]
Tlachichilco Tepehuan,3p->1pe,1,n,P[-3]
Tlachichilco Tepehuan,3p->1pi,-3,k,SAP[-2]
Tlachichilco Tepehuan,3p->1pi,-2,in,P[+1]
Tlachichilco Tepehuan,3p->1pi,-1,ta,SA[+3]
Tlachichilco Tepehuan,3p->1pi,1,n,P[-3]
Tlachichilco Tepehuan,3p->2s,-1,ta,SA[+3]
Tlachichilco Tepehuan,3p->2s,1,n,P[-3]
Tlachichilco Tepehuan,3p->2p,-1,ta,SA[+3]
Tlachichilco Tepehuan,3p->2p,1,n,P[-3]
Tlachichilco Tepehuan,3p->3s,-1,ta,SA[+3]
Tlachichilco Tepehuan,3p->3p,-3,ta,SA[+3]
Tlachichilco Tepehuan,3p->3p,-2,la,AP[+pl]
Tlachichilco Tepehuan,3p->3p,-1,k,SAP[-2]
Thangmi,1s,1,ŋ,SAP[-3 +sg]
Thangmi,1s,2,a,SAP[-3 +sg]
Thangmi,1p,1,i,SAP[-3 +pl]
Thangmi,2s,1,n,SP[-1]
Thangmi,2s,2,a,SAP[-3 +sg]
Thangmi,2p,1,n,SP[-1]
Thangmi,2p,2,i,SAP[-3 +pl]
Thangmi,3p,1,yoŋ,SA[+3 +pl]
Thangmi,1s->2s,1,n,SP[-1]
Thangmi,1s->2s,2,a,[+1 +sg]A->P[+2 +sg]
Thangmi,1s->2s,3,ŋ,SAP[-3 +sg]
Thangmi,1s->2s,4,a,SAP[-3 +sg]
Thangmi,1s->2p,1,n,SP[-1]
Thangmi,1s->2p,2,i,SAP[-3 +pl]
Thangmi,1s->2p,3,ŋ,SAP[-3 +sg]
Thangmi,1s->2p,4,a,SAP[-3 +sg]
Thangmi,1s->3s,1,u,P[+3]
Thangmi,1s->3s,2,n,SP[-1]
Thangmi,1s->3p,1,u,P[+3]
Thangmi,1s->3p,2,n,SP[-1]
Thangmi,1p->2s,1,wa,A[+1 +pl]
Thangmi,1p->2p,1,wa,A[+1 +pl]
Thangmi,1p->3s,1,wa,A[+1 +pl]
Thangmi,1p->3p,1,wa,A[+1 +pl]
Thangmi,2s->1s,1,ŋ,SAP[-3 +sg]
Thangmi,2s->1s,2,a,SAP[-3 +sg]
Thangmi,2s->1p,1,i,SAP[-3 +pl]
Thangmi,2s->3s,1,u,P[+3]
Thangmi,2s->3s,2,n,SP[-1]
Thangmi,2s->3s,3,a,SAP[-3 +sg]
Thangmi,2s->3p,1,u,P[+3]
Thangmi,2s->3p,2,n,SP[-1]
Thangmi,2s->3p,3,a,SAP[-3 +sg]
Thangmi,2p->1s,1,yo,[-1 +pl]A->P[-3 +sg]
Thangmi,2p->1s,2,ŋ,[+2 +pl]A->P[+1 +sg]
Thangmi,2p->1s,3,ŋ,SAP[-3 +sg]
Thangmi,2p->1s,4,a,SAP[-3 +sg]
Thangmi,2p->1p,1,i,SAP[-3 +pl]
Thangmi,2p->3s,1,n,SP[-1]
Thangmi,2p->3s,2,i,SAP[-3 +pl]
Thangmi,2p->3s,3,u,P[+3]
Thangmi,2p->3p,1,n,SP[-1]
Thangmi,2p->3p,2,i,SAP[-3 +pl]
Thangmi,2p->3p,3,u,P[+3]
Thangmi,3s->1s,1,ŋ,SAP[-3 +sg]
Thangmi,3s->1s,2,a,SAP[-3 +sg]
Thangmi,3s->1p,1,i,SAP[-3 +pl]
Thangmi,3s->2s,1,n,SP[-1]
Thangmi,3s->2s,2,a,SAP[-3 +sg]
Thangmi,3s->2p,1,n,SP[-1]
Thangmi,3s->2p,2,i,SAP[-3 +pl]
Thangmi,3s->3s,1,u,P[+3]
Thangmi,3s->3p,1,u,P[+3]
Thangmi,3p->1s,1,yoŋ,SA[+3 +pl]
Thangmi,3p->1s,2,ŋ,SAP[-3 +sg]
Thangmi,3p->1s,3,a,SAP[-3 +sg]
Thangmi,3p->1p,1,i,SAP[-3 +pl]
Thangmi,3p->2s,1,yo,[-1 +pl]A->P[-3 +sg]
Thangmi,3p->2s,2,ŋ,SAP[-3 +sg]
Thangmi,3p->2s,3,n,SP[-1]
Thangmi,3p->2s,4,a,SAP[-3 +sg]
Thangmi,3p->2p,1,n,SP[-1]
Thangmi,3p->2p,2,i,SAP[-3 +pl]
Thangmi,3p->3s,1,yoŋ,SA[+3 +pl]
Thangmi,3p->3p,1,yoŋ,SA[+3 +pl]
Turkana,1s,-1,a,SA[+1 +sg]
Turkana,1p,-1,ki,SAP[-3]
Turkana,2s,-1,i,SA[+2]
Turkana,2p,-1,i,SA[+2]
Turkana,2p,1,te,SA[-1 +pl]
Turkana,3s,-1,e,S[+3]
Turkana,3p,-1,e,S[+3]
Turkana,3p,1,te,SA[-1 +pl]
Turkana,1s->2s,-1,ka,AP[+1 +sg]
Turkana,1s->2p,-1,ka,AP[+1 +sg]
Turkana,1s->3s,-1,a,SA[+1 +sg]
Turkana,1s->3p,-1,a,SA[+1 +sg]
Turkana,1p->2s,-1,ki,SAP[-3]
Turkana,1p->2p,-1,ki,SAP[-3]
Turkana,1p->3s,-1,ki,SAP[-3]
Turkana,1p->3p,-1,ki,SAP[-3]
Turkana,2s->1s,-1,ki,SAP[-3]
Turkana,2s->1p,-1,ki,SAP[-3]
Turkana,2s->3s,-1,i,SA[+2]
Turkana,2s->3p,-1,i,SA[+2]
Turkana,2p->1s,-1,ki,SAP[-3]
Turkana,2p->1s,1,te,SA[-1 +pl]
Turkana,2p->1p,-1,ki,SAP[-3]
Turkana,2p->1p,1,te,SA[-1 +pl]
Turkana,2p->3s,-1,i,SA[+2]
Turkana,2p->3s,1,te,SA[-1 +pl]
Turkana,2p->3p,-1,i,SA[+2]
Turkana,2p->3p,1,te,SA[-1 +pl]
Turkana,3s->1s,-1,ka,AP[+1 +sg]
Turkana,3s->1p,-1,ki,SAP[-3]
Turkana,3s->2s,-1,ki,SAP[-3]
Turkana,3s->2p,-1,ki,SAP[-3]
Turkana,3s->3s,-1,e,[+3]A->P[+3]
Turkana,3s->3p,-1,e,[+3]A->P[+3]
Turkana,3p->1s,-1,ka,AP[+1 +sg]
Turkana,3p->1s,1,te,SA[-1 +pl]
Turkana,3p->1p,-1,ki,SAP[-3]
Turkana,3p->1p,1,te,SA[-1 +pl]
Turkana,3p->2s,-1,ki,SAP[-3]
Turkana,3p->2s,1,te,SA[-1 +pl]
Turkana,3p->2p,-1,ki,SAP[-3]
Turkana,3p->2p,1,te,SA[-1 +pl]
Turkana,3p->3s,-1,e,[+3]A->P[+3]
Turkana,3p->3s,1,te,SA[-1 +pl]
Turkana,3p->3p,-1,e,[+3]A->P[+3]
Turkana,3p->3p,1,te,SA[-1 +pl]
Wardaman,1s,-1,ŋa,SAP[+1]
Wardaman,1pe,-2,yi,SAP[-3]
Wardaman,1pe,-1,rr,SA[+1 +pl]
Wardaman,1di,-2,ŋa,SAP[+1]
Wardaman,1di,-1,yi,SAP[-3]
Wardaman,1pi,-2,ŋa,SAP[+1]
Wardaman,1pi,-1,rr,SA[+1 +pl]
Wardaman,2s,-1,yi,SAP[-3]
Wardaman,2p,-1,nu,SAP[-1 +2]
Wardaman,3p,-1,wurr,SA[+3]
Wardaman,1s->2s,-2,ŋa,SAP[+1]
Wardaman,1s->2s,-1,ŋ,[+1 +sg]A->P[+2 +sg]
Wardaman,1s->2p,-3,ŋa,SAP[+1]
Wardaman,1s->2p,-2,nu,SAP[-1 +2]
Wardaman,1s->2p,-1,n,AP[-3]
Wardaman,1s->3s,-1,ŋa,SAP[+1]
Wardaman,1s->3p,-3,ŋa,SAP[+1]
Wardaman,1s->3p,-2,wu,[-3]A->P[+3 +pl]
Wardaman,1s->3p,-1,n,AP[-3]
Wardaman,1pe->2s,-3,yi,SAP[-3]
Wardaman,1pe->2s,-2,nu,SAP[-1 +2]
Wardaman,1pe->2s,-1,n,AP[-3]
Wardaman,1pe->2p,-3,yi,SAP[-3]
Wardaman,1pe->2p,-2,nu,SAP[-1 +2]
Wardaman,1pe->2p,-1,n,AP[-3]
Wardaman,1pe->3s,-2,yi,SAP[-3]
Wardaman,1pe->3s,-1,rr,SA[+1 +pl]
Wardaman,1pe->3p,-4,yi,SAP[-3]
Wardaman,1pe->3p,-3,rr,SA[+1 +pl]
Wardaman,1pe->3p,-2,wu,[-3]A->P[+3 +pl]
Wardaman,1pe->3p,-1,n,AP[-3]
Wardaman,1di->3s,-2,ŋa,SAP[+1]
Wardaman,1di->3s,-1,yi,SAP[-3]
Wardaman,1di->3p,-4,ŋa,SAP[+1]
Wardaman,1di->3p,-3,yi,SAP[-3]
Wardaman,1di->3p,-2,wu,[-3]A->P[+3 +pl]
Wardaman,1di->3p,-1,n,AP[-3]
Wardaman,1pi->3s,-2,ŋa,SAP[+1]
Wardaman,1pi->3s,-1,rr,SA[+1 +pl]
Wardaman,1pi->3p,-4,ŋa,SAP[+1]
Wardaman,1pi->3p,-3,rr,SA[+1 +pl]
Wardaman,1pi->3p,-2,wu,[-3]A->P[+3 +pl]
Wardaman,1pi->3p,-1,n,AP[-3]
Wardaman,2s->1s,-4,ŋa,SAP[+1]
Wardaman,2s->1s,-3,n,AP[-3]
Wardaman,2s->1s,-2,n,[+2 +sg]A->P[+1 +sg]
Wardaman,2s->1s,-1,i,[+2 +sg]A->P[+1 -2]
Wardaman,2s->1pe,-4,yi,SAP[-3]
Wardaman,2s->1pe,-3,ngun,P[-3 -sg]
Wardaman,2s->1pe,-2,n,AP[-3]
Wardaman,2s->1pe,-1,i,[+2 +sg]A->P[+1 -2]
Wardaman,2s->3s,-1,yi,SAP[-3]
Wardaman,2s->3p,-3,yi,SAP[-3]
Wardaman,2s->3p,-2,wu,[-3]A->P[+3 +pl]
Wardaman,2s->3p,-1,n,AP[-3]
Wardaman,2p->1s,-3,ŋa,SAP[+1]
Wardaman,2p->1s,-2,n,AP[-3]
Wardaman,2p->1s,-1,nu,SAP[-1 +2]
Wardaman,2p->1pe,-3,yi,SAP[-3]
Wardaman,2p->1pe,-2,ngun,P[-3 -sg]
Wardaman,2p->1pe,-1,nu,SAP[-1 +2]
Wardaman,2p->3s,-1,nu,SAP[-1 +2]
Wardaman,2p->3p,-3,nu,SAP[-1 +2]
Wardaman,2p->3p,-2,wu,[-3]A->P[+3 +pl]
Wardaman,2p->3p,-1,n,AP[-3]
Wardaman,3s->1s,-2,ŋa,SAP[+1]
Wardaman,3s->1s,-1,n,AP[-3]
Wardaman,3s->1pe,-2,yi,SAP[-3]
Wardaman,3s->1pe,-1,ngun,P[-3 -sg]
Wardaman,3s->1di,-3,ŋa,SAP[+1]
Wardaman,3s->1di,-2,yi,SAP[-3]
Wardaman,3s->1di,-1,ngun,P[-3 -sg]
Wardaman,3s->1pi,-2,ŋa,SAP[+1]
Wardaman,3s->1pi,-1,ngun,P[-3 -sg]
Wardaman,3s->2s,-3,yi,SAP[-3]
Wardaman,3s->2s,-2,n,AP[-3]
Wardaman,3s->2s,-1,wurr,SA[+3]
Wardaman,3s->2p,-2,nu,SAP[-1 +2]
Wardaman,3s->2p,-1,ngun,P[-3 -sg]
Wardaman,3s->3p,-1,wungun,[+3]A->P[+3 +pl]
Wardaman,3p->1s,-3,ŋa,SAP[+1]
Wardaman,3p->1s,-2,n,AP[-3]
Wardaman,3p->1s,-1,wurr,SA[+3]
Wardaman,3p->1pe,-3,yi,SAP[-3]
Wardaman,3p->1pe,-2,ngun,P[-3 -sg]
Wardaman,3p->1pe,-1,wurr,SA[+3]
Wardaman,3p->1di,-4,ŋa,SAP[+1]
Wardaman,3p->1di,-3,yi,SAP[-3]
Wardaman,3p->1di,-2,ngun,P[-3 -sg]
Wardaman,3p->1di,-1,wurr,SA[+3]
Wardaman,3p->1pi,-3,ŋa,SAP[+1]
Wardaman,3p->1pi,-2,ngun,P[-3 -sg]
Wardaman,3p->1pi,-1,wurr,SA[+3]
Wardaman,3p->2s,-3,yi,SAP[-3]
Wardaman,3p->2s,-2,n,AP[-3]
Wardaman,3p->2s,-1,wurr,SA[+3]
Wardaman,3p->2p,-3,nu,SAP[-1 +2]
Wardaman,3p->2p,-2,ngun,P[-3 -sg]
Wardaman,3p->2p,-1,wurr,SA[+3]
Wardaman,3p->3s,-1,wurr,SA[+3]
Wardaman,3p->3p,-2,wungun,[+3]A->P[+3 +pl]
Wardaman,3p->3p,-1,wurr,SA[+3]
Yimas,1s,-2,a,SA[+1]
Yimas,1s,-1,ma,SA[-3 +sg]
Yimas,1d,-3,ka,SA[+1]
Yimas,1d,-2,p,SA[+1 -sg -pl]
Yimas,1d,-1,a,SA[+1]
Yimas,1p,-2,ip,SA[+1 +pl]
Yimas,1p,-1,a,SA[+1]
Yimas,2s,-1,ma,SA[-3 +sg]
Yimas,2d,-1,kapwa,SA[+2 -sg -pl]
Yimas,2p,-1,ipwa,SA[+2 +pl]
Yimas,3s,-1,na,SAP[-1 +sg]
Yimas,3d,-1,impa,SAP[+3 -sg -pl]
Yimas,3p,-1,pu,SAP[+3 +pl]
Yimas,1s->2s,-4,ka,SA[+1]
Yimas,1s->2s,-3,mp,[+1]A->P[+2 +sg]
Yimas,1s->2s,-2,a,SA[+1]
Yimas,1s->2s,-1,n,AP[-1 +sg]
Yimas,1s->2s,1,ntut,AP[-2]
Yimas,1s->2d,-3,a,SA[+1]
Yimas,1s->2d,-2,ma,SA[-3 +sg]
Yimas,1s->2d,-1,kul,P[+2 -sg]
Yimas,1s->2d,1,ntut,AP[-2]
Yimas,1s->2p,-3,a,SA[+1]
Yimas,1s->2p,-2,ma,SA[-3 +sg]
Yimas,1s->2p,-1,kul,P[+2 -sg]
Yimas,1s->2p,1,ntut,AP[-2]
Yimas,1s->3s,-2,na,SAP[-1 +sg]
Yimas,1s->3s,-1,ka,SA[+1]
Yimas,1s->3s,1,ntut,AP[-2]
Yimas,1s->3d,-2,impa,SAP[+3 -sg -pl]
Yimas,1s->3d,-1,ka,SA[+1]
Yimas,1s->3d,1,ntut,AP[-2]
Yimas,1s->3p,-2,pu,SAP[+3 +pl]
Yimas,1s->3p,-1,ka,SA[+1]
Yimas,1s->3p,1,ntut,AP[-2]
Yimas,1d->2s,-7,ka,SA[+1]
Yimas,1d->2s,-6,p,SA[+1 -sg -pl]
Yimas,1d->2s,-5,a,[-3 -sg]A->P[-1 +sg]
Yimas,1d->2s,-4,ka,[+1 -sg -pl]A->P[+2 +sg]
Yimas,1d->2s,-3,mp,[+1]A->P[+2 +sg]
Yimas,1d->2s,-2,a,SA[+1]
Yimas,1d->2s,-1,n,AP[-1 +sg]
Yimas,1d->2s,1,ntut,AP[-2]
Yimas,1d->2d,-5,ka,SA[+1]
Yimas,1d->2d,-4,p,SA[+1 -sg -pl]
Yimas,1d->2d,-3,a,SA[+1]
Yimas,1d->2d,-2,ŋ,P[+2 -sg -pl]
Yimas,1d->2d,-1,kul,P[+2 -sg]
Yimas,1d->2d,1,ntut,AP[-2]
Yimas,1d->2p,-4,ka,SA[+1]
Yimas,1d->2p,-3,p,SA[+1 -sg -pl]
Yimas,1d->2p,-2,a,SA[+1]
Yimas,1d->2p,-1,kul,P[+2 -sg]
Yimas,1d->2p,1,ntut,AP[-2]
Yimas,1d->3s,-2,na,SAP[-1 +sg]
Yimas,1d->3s,-1,ŋkra,AP[-3 -sg -pl]
Yimas,1d->3s,1,ntut,AP[-2]
Yimas,1d->3d,-2,impa,SAP[+3 -sg -pl]
Yimas,1d->3d,-1,ŋkra,AP[-3 -sg -pl]
Yimas,1d->3d,1,ntut,AP[-2]
Yimas,1d->3p,-2,pu,SAP[+3 +pl]
Yimas,1d->3p,-1,ŋkra,AP[-3 -sg -pl]
Yimas,1d->3p,1,ntut,AP[-2]
Yimas,1p->2s,-6,ip,SA[+1 +pl]
Yimas,1p->2s,-5,a,SA[+1]
Yimas,1p->2s,-4,ka,SA[+1]
Yimas,1p->2s,-3,mp,[+1]A->P[+2 +sg]
Yimas,1p->2s,-2,a,[-3 -sg]A->P[-1 +sg]
Yimas,1p->2s,-1,n,AP[-1 +sg]
Yimas,1p->2s,1,ntut,AP[-2]
Yimas,1p->2d,-5,ip,SA[+1 +pl]
Yimas,1p->2d,-4,a,SA[+1]
Yimas,1p->2d,-3,n,[+1 +pl]A->P[+2 -sg -pl]
Yimas,1p->2d,-2,y,A[+1 +pl]
Yimas,1p->2d,-1,kul,P[+2 -sg]
Yimas,1p->2d,1,ntut,AP[-2]
Yimas,1p->2p,-3,ip,SA[+1 +pl]
Yimas,1p->2p,-2,a,SA[+1]
Yimas,1p->2p,-1,kul,P[+2 -sg]
Yimas,1p->2p,1,ntut,AP[-2]
Yimas,1p->3s,-3,na,SAP[-1 +sg]
Yimas,1p->3s,-2,ka,SA[+1]
Yimas,1p->3s,-1,y,A[+1 +pl]
Yimas,1p->3s,1,ntut,AP[-2]
Yimas,1p->3d,-3,impa,SAP[+3 -sg -pl]
Yimas,1p->3d,-2,ka,SA[+1]
Yimas,1p->3d,-1,y,A[+1 +pl]
Yimas,1p->3d,1,ntut,AP[-2]
Yimas,1p->3p,-3,pu,SAP[+3 +pl]
Yimas,1p->3p,-2,ka,SA[+1]
Yimas,1p->3p,-1,y,A[+1 +pl]
Yimas,1p->3p,1,ntut,AP[-2]
Yimas,2s->1s,-2,ma,SA[-3 +sg]
Yimas,2s->1s,-1,ŋa,P[+1 +sg]
Yimas,2s->1s,1,ntut,AP[-2]
Yimas,2s->1d,-2,ma,SA[-3 +sg]
Yimas,2s->1d,-1,ŋkra,AP[-3 -sg -pl]
Yimas,2s->1d,1,ntut,AP[-2]
Yimas,2s->1p,-2,ma,SA[-3 +sg]
Yimas,2s->1p,-1,kra,P[+1 +pl]
Yimas,2s->1p,1,ntut,AP[-2]
Yimas,2s->3s,-2,na,SAP[-1 +sg]
Yimas,2s->3s,-1,n,AP[-1 +sg]
Yimas,2s->3s,1,ntut,AP[-2]
Yimas,2s->3d,-2,impa,SAP[+3 -sg -pl]
Yimas,2s->3d,-1,n,AP[-1 +sg]
Yimas,2s->3d,1,ntut,AP[-2]
Yimas,2s->3p,-2,pu,SAP[+3 +pl]
Yimas,2s->3p,-1,n,AP[-1 +sg]
Yimas,2s->3p,1,ntut,AP[-2]
Yimas,2d->1s,-2,kapwa,SA[+2 -sg -pl]
Yimas,2d->1s,-1,ŋa,P[+1 +sg]
Yimas,2d->1s,1,ntut,AP[-2]
Yimas,2d->1d,-2,kapwa,SA[+2 -sg -pl]
Yimas,2d->1d,-1,ŋkra,AP[-3 -sg -pl]
Yimas,2d->1d,1,ntut,AP[-2]
Yimas,2d->1p,-2,kapwa,SA[+2 -sg -pl]
Yimas,2d->1p,-1,kra,P[+1 +pl]
Yimas,2d->1p,1,ntut,AP[-2]
Yimas,2d->3s,-3,na,SAP[-1 +sg]
Yimas,2d->3s,-2,ŋkra,AP[-3 -sg -pl]
Yimas,2d->3s,-1,n,AP[-1 +sg]
Yimas,2d->3s,1,ntut,AP[-2]
Yimas,2d->3d,-3,impa,SAP[+3 -sg -pl]
Yimas,2d->3d,-2,ŋkra,AP[-3 -sg -pl]
Yimas,2d->3d,-1,n,[+2 -sg]A->P[+3]
Yimas,2d->3d,1,ntut,AP[-2]
Yimas,2d->3p,-3,pu,SAP[+3 +pl]
Yimas,2d->3p,-2,ŋkra,AP[-3 -sg -pl]
Yimas,2d->3p,-1,n,[+2 -sg]A->P[+3]
Yimas,2d->3p,1,ntut,AP[-2]
Yimas,2p->1s,-2,ipwa,SA[+2 +pl]
Yimas,2p->1s,-1,ŋa,P[+1 +sg]
Yimas,2p->1s,1,ntut,AP[-2]
Yimas,2p->1d,-2,ipwa,SA[+2 +pl]
Yimas,2p->1d,-1,ŋkra,AP[-3 -sg -pl]
Yimas,2p->1d,1,ntut,AP[-2]
Yimas,2p->1p,-2,ipwa,SA[+2 +pl]
Yimas,2p->1p,-1,kra,P[+1 +pl]
Yimas,2p->1p,1,ntut,AP[-2]
Yimas,2p->3s,-4,na,SAP[-1 +sg]
Yimas,2p->3s,-3,n,AP[-1 +sg]
Yimas,2p->3s,-2,a,[-3 -sg]A->P[-1 +sg]
Yimas,2p->3s,-1,n,[+2 -sg]A->P[+3]
Yimas,2p->3s,1,ntut,AP[-2]
Yimas,2p->3d,-3,impa,SAP[+3 -sg -pl]
Yimas,2p->3d,-2,n,[+2 -sg]A->P[+3]
Yimas,2p->3d,-1,an,[+2 +pl]A->P[+3 -sg]
Yimas,2p->3d,1,ntut,AP[-2]
Yimas,2p->3p,-3,pu,SAP[+3 +pl]
Yimas,2p->3p,-2,n,[+2 -sg]A->P[+3]
Yimas,2p->3p,-1,an,[+2 +pl]A->P[+3 -sg]
Yimas,2p->3p,1,ntut,AP[-2]
Yimas,3s->1s,-2,na,SAP[-1 +sg]
Yimas,3s->1s,-1,ŋa,P[+1 +sg]
Yimas,3s->1s,1,ntut,AP[-2]
Yimas,3s->1d,-2,na,SAP[-1 +sg]
Yimas,3s->1d,-1,ŋkra,AP[-3 -sg -pl]
Yimas,3s->1d,1,ntut,AP[-2]
Yimas,3s->1p,-2,na,SAP[-1 +sg]
Yimas,3s->1p,-1,kra,P[+1 +pl]
Yimas,3s->1p,1,ntut,AP[-2]
Yimas,3s->2s,-3,na,SAP[-1 +sg]
Yimas,3s->2s,-2,n,AP[-1 +sg]
Yimas,3s->2s,-1,an,[+3 +sg]A->P[+2 +sg]
Yimas,3s->2s,1,ntut,AP[-2]
Yimas,3s->2d,-3,na,SAP[-1 +sg]
Yimas,3s->2d,-2,ŋ,P[+2 -sg -pl]
Yimas,3s->2d,-1,kul,P[+2 -sg]
Yimas,3s->2d,1,ntut,AP[-2]
Yimas,3s->2p,-2,na,SAP[-1 +sg]
Yimas,3s->2p,-1,kul,P[+2 -sg]
Yimas,3s->2p,1,ntut,AP[-2]
Yimas,3s->3s,-2,na,SAP[-1 +sg]
Yimas,3s->3s,-1,n,AP[-1 +sg]
Yimas,3s->3s,1,ntut,AP[-2]
Yimas,3s->3d,-2,impa,SAP[+3 -sg -pl]
Yimas,3s->3d,-1,n,AP[-1 +sg]
Yimas,3s->3d,1,ntut,AP[-2]
Yimas,3s->3p,-2,pu,SAP[+3 +pl]
Yimas,3s->3p,-1,n,AP[-1 +sg]
Yimas,3s->3p,1,ntut,AP[-2]
Yimas,3d->1s,-2,impa,SAP[+3 -sg -pl]
Yimas,3d->1s,-1,ŋa,P[+1 +sg]
Yimas,3d->1s,1,ntut,AP[-2]
Yimas,3d->1d,-2,impa,SAP[+3 -sg -pl]
Yimas,3d->1d,-1,ŋkra,AP[-3 -sg -pl]
Yimas,3d->1d,1,ntut,AP[-2]
Yimas,3d->1p,-2,impa,SAP[+3 -sg -pl]
Yimas,3d->1p,-1,kra,P[+1 +pl]
Yimas,3d->1p,1,ntut,AP[-2]
Yimas,3d->2s,-3,impa,SAP[+3 -sg -pl]
Yimas,3d->2s,-2,na,SAP[-1 +sg]
Yimas,3d->2s,-1,n,AP[-1 +sg]
Yimas,3d->2s,1,ntut,AP[-2]
Yimas,3d->2d,-3,impa,SAP[+3 -sg -pl]
Yimas,3d->2d,-2,ŋ,P[+2 -sg -pl]
Yimas,3d->2d,-1,kul,P[+2 -sg]
Yimas,3d->2d,1,ntut,AP[-2]
Yimas,3d->2p,-2,impa,SAP[+3 -sg -pl]
Yimas,3d->2p,-1,kul,P[+2 -sg]
Yimas,3d->2p,1,ntut,AP[-2]
Yimas,3d->3s,-2,na,SAP[-1 +sg]
Yimas,3d->3s,-1,mpɨ,[+3 -sg -pl]A->P[+3]
Yimas,3d->3s,1,ntut,AP[-2]
Yimas,3d->3d,-2,impa,SAP[+3 -sg -pl]
Yimas,3d->3d,-1,mpɨ,[+3 -sg -pl]A->P[+3]
Yimas,3d->3d,1,ntut,AP[-2]
Yimas,3d->3p,-2,pu,SAP[+3 +pl]
Yimas,3d->3p,-1,mpɨ,[+3 -sg -pl]A->P[+3]
Yimas,3d->3p,1,ntut,AP[-2]
Yimas,3p->1s,-2,pu,SAP[+3 +pl]
Yimas,3p->1s,-1,ŋa,P[+1 +sg]
Yimas,3p->1s,1,ntut,AP[-2]
Yimas,3p->1d,-2,pu,SAP[+3 +pl]
Yimas,3p->1d,-1,ŋkra,AP[-3 -sg -pl]
Yimas,3p->1d,1,ntut,AP[-2]
Yimas,3p->1p,-2,pu,SAP[+3 +pl]
Yimas,3p->1p,-1,kra,P[+1 +pl]
Yimas,3p->1p,1,ntut,AP[-2]
Yimas,3p->2s,-3,pu,SAP[+3 +pl]
Yimas,3p->2s,-2,na,SAP[-1 +sg]
Yimas,3p->2s,-1,n,AP[-1 +sg]
Yimas,3p->2s,1,ntut,AP[-2]
Yimas,3p->2d,-3,pu,SAP[+3 +pl]
Yimas,3p->2d,-2,ŋ,P[+2 -sg -pl]
Yimas,3p->2d,-1,kul,P[+2 -sg]
Yimas,3p->2d,1,ntut,AP[-2]
Yimas,3p->2p,-2,pu,SAP[+3 +pl]
Yimas,3p->2p,-1,kul,P[+2 -sg]
Yimas,3p->2p,1,ntut,AP[-2]
Yimas,3p->3s,-3,na,SAP[-1 +sg]
Yimas,3p->3s,-2,m,[+3 +pl]A->P[+3 -pl]
Yimas,3p->3s,-1,pu,SAP[+3 +pl]
Yimas,3p->3s,1,ntut,AP[-2]
Yimas,3p->3d,-3,impa,SAP[+3 -sg -pl]
Yimas,3p->3d,-2,m,[+3 +pl]A->P[+3 -pl]
Yimas,3p->3d,-1,pu,SAP[+3 +pl]
Yimas,3p->3d,1,ntut,AP[-2]
Yimas,3p->3p,-2,pu,SAP[+3 +pl]
Yimas,3p->3p,-1,mpu,[+3 +pl]A->P[+3 +pl]
Yimas,3p->3p,1,ntut,AP[-2]
